region,rainfall_mm,temperature_c,soil_index,market_distance_km,irrigated,farm_size_ha,high_risk
South,960.1,28.65,0.703,19.8,1,4.88,0
Central,465.4,29.13,0.754,59.3,0,4.85,0
East,630.6,25.19,0.629,35.3,1,2.46,1
South,443.6,29.51,0.797,26.8,0,2.05,1
North,503.4,27.82,0.455,35.5,0,1.54,1
East,525.5,23.98,0.483,27.4,0,1.61,0
South,461.4,27.02,0.534,44.9,0,1.5,1
South,462.2,31.37,0.824,11.9,0,3.45,0
North,598.4,32.19,0.883,44.7,1,2.34,0
Central,437.5,29.51,0.555,27.3,1,3.6,1
Central,746.3,24.17,0.643,60.2,0,3.73,0
East,482.3,28.87,0.485,70.5,1,1.37,0
South,1041.4,29.88,0.456,80.3,1,1.34,1
East,552.3,29.53,0.691,117.6,0,2.34,0
Central,630.8,29.7,0.834,78.5,1,1.64,1
North,425.7,28.52,0.728,58.9,1,1.53,1
South,875.9,27.3,0.499,13.3,1,8.18,0
North,787.9,25.8,0.546,3.7,0,1.0,0
East,664.5,22.19,0.429,64.2,1,10.12,0
South,418.0,28.45,0.703,17.3,1,3.28,1
South,651.6,28.02,0.679,169.0,0,5.16,0
Central,451.8,29.06,0.723,9.2,0,4.78,1
East,839.4,23.75,0.589,57.3,0,4.06,0
East,741.4,29.31,0.258,38.2,0,8.01,1
South,634.3,33.25,0.392,10.2,0,1.35,1
North,254.5,27.72,0.912,38.0,0,2.46,1
Central,472.5,27.33,0.667,19.0,1,1.56,0
North,723.2,28.37,0.74,31.4,1,0.9,0
North,801.9,33.19,0.713,31.8,0,1.77,0
South,786.4,24.63,0.57,19.2,0,9.18,0
South,381.2,28.07,0.846,25.6,0,2.43,0
East,665.2,25.26,0.677,17.8,0,9.87,0
Central,772.3,25.97,0.557,6.8,0,10.55,0
Central,371.2,27.36,0.926,35.9,0,19.05,0
Central,618.8,31.27,0.694,78.3,1,9.38,0
North,661.1,32.54,0.843,18.7,0,12.59,1
North,574.9,28.75,0.825,103.6,0,3.36,0
Central,342.2,26.45,0.525,117.3,1,3.15,1
North,571.1,34.48,0.593,24.0,0,3.29,1
South,570.9,26.3,0.925,28.4,0,2.72,0
Central,597.8,25.9,0.625,24.4,0,3.0,0
East,535.5,22.53,0.668,13.5,1,4.43,0
South,553.5,31.41,0.613,28.5,0,2.01,1
Central,614.0,30.21,0.768,26.2,1,1.11,0
East,686.4,34.27,0.604,35.4,0,3.44,1
South,574.3,23.61,0.853,36.8,1,1.73,0
Central,558.6,31.58,0.725,12.6,0,1.85,0
Central,633.9,27.7,0.757,50.0,1,2.48,1
South,331.9,29.76,0.789,28.3,1,2.13,0
North,691.6,22.89,0.676,14.8,0,5.59,0
North,619.9,31.61,0.625,27.8,1,2.44,0
North,626.0,29.7,0.359,37.8,1,5.78,0
South,764.1,27.39,0.843,87.7,0,3.11,0
South,327.1,29.31,0.82,78.9,1,2.57,1
South,323.9,25.36,0.941,22.5,0,3.01,0
South,661.1,25.88,0.736,29.7,0,1.17,1
Central,618.9,26.2,0.506,17.4,0,3.39,0
South,645.5,22.31,0.875,42.1,0,4.72,0
North,550.7,29.91,0.652,23.5,0,5.18,1
North,719.7,30.84,0.543,28.9,0,1.13,1
South,759.9,25.54,0.763,65.7,0,1.01,0
Central,692.6,28.47,0.462,12.6,0,1.92,1
South,580.9,26.76,0.763,79.0,0,6.69,0
South,303.8,28.42,0.623,44.9,0,3.14,0
South,735.4,25.74,0.86,76.6,1,1.64,0
South,803.3,25.03,0.777,55.1,1,1.06,0
South,716.7,30.45,0.331,61.9,0,1.74,1
Central,488.1,27.32,0.82,34.2,0,1.67,0
North,721.1,33.16,0.579,14.5,0,4.99,1
Central,749.1,27.63,0.964,21.3,0,5.25,0
North,853.8,24.91,0.612,18.2,0,1.37,0
Central,488.6,30.94,0.787,5.3,1,4.44,0
East,586.0,29.27,0.589,65.6,0,4.15,1
North,732.1,29.54,0.811,31.5,0,1.26,0
North,628.6,30.83,0.608,17.1,1,2.57,0
Central,452.4,25.67,0.93,114.4,0,3.39,1
Central,682.2,27.14,0.625,146.1,1,3.02,0
South,706.8,27.02,0.489,11.3,1,0.89,0
South,633.2,23.89,0.817,28.5,0,2.96,0
South,652.9,26.76,0.613,27.1,1,4.11,0
South,581.2,31.24,0.907,16.0,1,7.59,0
Central,841.7,28.16,0.794,64.6,0,1.76,0
South,484.9,23.73,0.813,5.4,0,1.91,0
North,531.9,23.14,0.744,96.2,1,2.37,0
North,621.6,32.16,0.861,35.2,0,3.28,0
North,751.8,27.25,0.717,108.4,0,2.9,0
South,395.4,25.69,0.663,33.2,0,4.03,1
Central,423.5,26.73,0.878,27.1,0,1.31,0
North,314.3,23.36,0.759,67.9,0,3.52,0
Central,624.9,31.48,0.717,108.0,1,1.68,0
North,452.3,26.4,0.47,97.0,0,2.48,1
South,562.3,31.33,0.763,7.9,0,8.25,1
Central,719.2,27.64,0.664,81.2,1,1.1,0
Central,523.8,31.5,0.259,26.1,0,2.27,0
Central,654.7,28.22,0.178,30.7,1,1.19,1
South,575.1,29.89,0.569,25.7,0,3.0,0
Central,720.8,29.51,0.296,21.2,0,5.37,1
North,691.3,29.25,0.668,28.7,0,3.04,0
North,516.2,28.47,0.569,15.5,1,2.52,0
East,594.7,26.85,0.556,81.5,1,6.45,1
East,776.6,32.86,0.738,54.6,0,3.37,1
South,679.0,24.96,0.378,40.0,0,4.63,0
Central,410.5,27.51,0.677,25.7,0,4.33,0
East,718.3,27.54,0.647,22.4,1,0.42,0
South,457.3,28.63,0.802,46.2,1,2.59,1
South,831.9,26.3,0.858,40.9,0,1.35,0
Central,773.6,28.38,0.836,71.1,1,1.59,0
Central,663.5,27.03,0.535,22.6,0,7.09,0
North,643.6,23.07,0.843,21.0,0,2.13,0
East,588.6,27.53,0.844,53.1,0,9.3,0
Central,721.8,24.42,0.238,60.8,0,1.09,1
North,564.4,22.64,0.677,139.2,0,1.34,0
Central,655.3,27.88,0.8,7.5,0,4.46,1
South,750.8,28.87,0.67,84.4,1,2.18,0
North,535.7,28.97,0.774,37.7,1,3.32,0
East,527.6,29.09,0.724,23.7,0,2.53,0
South,440.8,22.09,0.789,46.6,0,2.48,0
South,460.3,23.69,0.946,45.5,1,2.23,0
Central,345.7,33.03,0.828,24.2,0,3.05,1
South,729.5,24.57,0.498,8.1,1,4.12,0
South,891.3,29.21,0.513,84.6,0,7.76,1
South,833.8,25.58,0.779,19.6,0,2.38,0
North,376.1,27.72,0.459,17.3,1,2.1,0
Central,728.7,25.73,0.699,21.1,0,1.94,0
North,833.3,29.07,0.692,58.8,0,7.07,1
Central,551.5,27.88,0.441,26.4,0,4.26,1
Central,635.2,26.24,0.627,21.4,1,0.79,0
North,318.8,24.56,0.64,44.5,1,0.77,0
North,660.0,28.25,0.665,40.2,0,1.58,0
South,460.5,24.1,0.708,21.8,0,3.16,0
North,649.9,28.7,0.889,8.0,0,2.66,0
East,385.8,34.85,0.415,57.9,0,3.8,1
South,701.4,31.28,0.797,40.8,0,2.43,0
Central,773.7,29.51,0.711,5.6,0,6.74,0
South,502.5,27.26,0.655,92.5,0,4.49,0
North,449.5,22.07,0.595,5.4,0,2.86,0
East,296.6,23.8,0.725,18.4,0,5.72,0
Central,580.0,31.09,0.402,19.3,0,0.93,0
South,532.8,25.29,0.576,22.0,0,2.57,1
North,387.3,25.54,0.754,21.5,0,2.97,0
Central,688.0,27.04,0.733,12.2,0,4.02,0
Central,552.5,24.53,0.77,38.1,0,0.89,0
East,458.6,24.07,0.958,64.4,0,2.3,0
South,536.8,27.36,0.576,37.7,0,3.53,1
Central,780.7,25.0,0.777,42.3,0,3.71,0
Central,710.4,25.43,0.7,26.9,0,5.88,0
Central,600.5,25.31,0.945,36.7,0,4.46,0
Central,712.9,28.96,0.572,44.5,0,2.61,0
Central,445.9,26.85,0.618,54.6,0,4.22,0
North,624.9,27.0,0.455,20.2,0,2.38,0
East,642.1,29.17,0.842,18.2,0,2.99,0
East,549.5,27.1,0.385,3.7,0,4.56,0
North,685.3,26.72,0.912,109.9,1,2.64,0
South,502.9,28.82,0.629,105.5,0,3.44,0
North,696.5,29.37,0.453,32.4,1,5.08,0
South,702.8,27.09,0.738,33.7,0,4.32,0
Central,182.4,27.73,0.63,88.3,1,6.06,1
South,798.5,25.31,0.315,12.5,1,12.35,0
South,180.0,25.09,0.668,16.7,0,4.29,0
South,527.6,29.65,0.517,91.8,0,2.01,1
North,773.8,28.75,0.673,26.7,0,3.79,0
East,572.4,28.77,0.892,14.8,0,3.69,1
North,400.1,28.29,0.912,46.3,0,4.05,1
North,455.9,27.63,0.873,20.3,1,7.18,0
South,774.0,29.45,0.635,81.9,1,0.91,1
Central,331.8,30.12,0.701,36.5,1,7.27,1
East,789.3,30.05,0.481,20.9,1,9.05,0
South,611.7,27.22,0.721,21.8,1,3.93,0
Central,441.1,31.38,0.846,44.8,1,3.99,1
East,532.5,28.14,0.79,29.1,0,2.32,0
Central,467.4,29.27,0.953,26.4,1,2.73,0
Central,749.9,28.29,0.636,56.0,0,4.28,0
Central,729.9,28.19,0.861,89.1,0,4.1,1
East,362.1,25.44,0.541,50.9,0,4.34,0
North,559.5,29.46,0.824,19.0,0,4.09,0
North,490.5,35.47,0.75,14.1,1,4.87,1
Central,814.0,26.45,0.69,53.9,0,4.53,0
East,417.5,27.7,0.747,50.9,0,1.4,1
East,860.6,26.25,0.75,25.0,0,4.67,0
South,615.0,26.13,0.753,29.6,0,9.1,1
East,445.7,31.82,0.606,19.9,0,2.67,1
East,518.4,25.62,0.516,14.4,1,7.2,1
Central,499.8,26.17,0.406,21.2,0,1.5,1
Central,428.8,23.06,0.809,2.7,0,2.67,0
South,634.2,25.38,0.567,72.2,0,1.79,0
South,435.8,22.72,0.641,10.7,0,6.66,0
Central,292.9,29.27,0.747,32.9,0,7.9,1
North,563.0,35.34,0.76,4.5,1,2.55,0
South,349.6,26.47,0.835,49.7,1,5.82,0
Central,507.2,22.83,0.632,60.0,1,7.95,0
East,483.6,30.02,0.601,35.0,0,2.66,0
Central,489.3,25.46,0.737,31.5,0,2.96,1
North,920.1,31.14,0.521,19.8,1,4.38,0
East,628.5,26.71,0.819,71.0,1,1.57,1
North,656.8,25.73,0.668,8.7,0,2.92,0
North,353.5,27.0,0.571,23.8,1,10.94,1
South,521.9,29.62,0.581,18.0,0,1.96,0
East,652.3,26.86,0.842,17.5,0,4.74,0
North,466.3,26.11,0.5,69.8,1,3.82,0
Central,756.2,26.94,0.264,30.1,1,2.44,0
South,439.6,23.94,0.667,19.7,1,3.14,0
East,577.0,28.61,0.707,41.7,0,8.49,1
Central,532.1,22.5,0.741,39.3,0,3.9,0
North,644.6,26.26,0.468,59.3,1,4.31,0
North,523.9,29.63,0.383,44.9,1,7.69,0
North,579.4,28.35,0.582,31.1,0,2.25,0
North,584.6,29.15,0.242,32.7,0,1.38,1
South,509.8,27.32,0.452,43.5,0,8.58,1
North,692.8,30.78,0.876,15.8,0,2.97,0
Central,655.8,30.09,0.807,38.8,1,4.86,1
South,606.7,28.75,0.864,87.8,0,1.66,0
South,555.4,30.1,0.797,35.1,0,3.5,1
North,739.5,29.6,0.456,25.5,0,1.33,1
South,584.6,26.27,0.859,25.2,0,2.83,1
South,574.0,23.74,0.675,42.3,0,1.78,0
South,635.7,28.68,0.539,37.3,0,1.54,1
North,874.5,29.03,0.812,51.3,1,2.23,0
North,418.9,30.55,0.695,20.7,0,0.61,1
East,735.5,24.88,0.602,28.9,0,1.28,0
Central,336.0,24.96,0.703,57.1,0,4.52,0
Central,652.6,28.79,0.836,60.1,0,3.41,1
Central,856.3,27.3,0.85,60.4,0,1.35,0
South,693.3,22.22,0.905,53.2,1,3.88,0
East,645.6,28.55,0.861,54.4,0,1.54,1
Central,535.9,22.31,0.752,38.7,0,4.35,0
East,624.7,24.85,0.756,10.4,0,2.52,0
North,582.2,31.28,0.677,11.3,0,2.2,0
South,502.1,32.61,0.623,34.6,0,2.56,0
South,576.5,24.1,0.616,35.7,0,14.35,0
North,649.8,26.58,0.76,17.2,0,1.66,1
North,504.9,27.62,0.618,18.1,0,3.15,0
Central,499.1,32.49,0.651,31.0,1,4.52,1
East,416.0,26.12,0.526,120.2,0,1.45,0
South,678.6,26.16,0.783,14.7,1,0.96,0
East,701.8,31.84,0.869,24.5,0,1.84,0
South,654.7,26.45,0.349,59.3,0,4.45,0
Central,764.8,29.52,0.846,52.4,0,2.18,1
South,633.2,23.36,0.956,40.8,0,2.34,0
North,678.8,27.02,0.726,6.5,1,4.91,0
North,665.6,22.85,0.427,27.7,1,1.61,0
East,606.3,24.54,0.828,100.1,1,2.57,0
South,540.4,29.85,0.473,17.6,0,1.02,0
North,952.1,27.36,0.736,17.1,1,3.35,0
Central,552.2,26.61,0.581,85.3,0,3.16,0
South,520.1,25.4,0.907,30.9,1,4.56,0
East,685.1,26.88,0.534,7.0,0,1.29,0
South,657.8,28.34,0.553,13.2,1,2.4,0
Central,409.3,30.25,0.49,21.1,1,1.18,1
Central,788.4,20.15,0.695,39.5,0,2.32,0
Central,605.9,25.17,0.668,28.5,1,7.12,0
South,453.4,27.95,0.6,16.4,1,2.21,0
East,798.3,27.22,0.719,28.8,1,1.12,0
Central,713.9,28.63,0.818,17.6,0,1.75,1
Central,430.3,28.25,0.555,103.8,0,0.95,0
North,886.6,26.65,0.678,12.6,1,1.17,0
South,718.8,26.02,0.763,23.3,0,4.2,0
South,618.5,26.81,0.796,20.8,1,1.06,0
North,858.5,30.72,0.96,21.1,0,3.33,0
North,643.9,25.45,0.913,13.8,0,2.76,0
South,615.8,27.32,0.728,81.1,1,1.92,0
North,521.0,28.01,0.384,126.1,0,3.15,1
East,707.3,31.87,0.827,42.9,1,1.48,0
Central,691.5,26.66,0.802,40.3,1,4.7,0
North,622.2,30.18,0.45,8.4,0,1.73,0
East,501.5,30.95,0.859,79.8,0,2.11,0
North,639.5,27.32,0.558,17.6,0,1.96,0
Central,609.5,26.91,0.692,7.5,0,4.26,0
North,420.0,26.58,0.603,48.3,1,3.87,1
North,399.2,26.78,0.607,66.4,0,0.49,1
North,704.8,29.89,0.583,79.3,0,3.21,1
North,229.7,28.15,0.676,23.5,0,0.87,0
North,650.8,28.16,0.794,21.5,0,2.18,0
North,548.3,24.35,0.871,38.1,1,2.53,1
South,816.2,24.79,0.808,28.5,0,2.16,0
South,546.0,33.5,0.663,48.9,0,3.76,1
Central,718.9,27.0,0.431,38.4,0,4.34,0
Central,560.5,25.33,0.641,16.4,0,1.64,0
Central,637.1,31.51,0.397,81.0,0,1.61,1
East,730.5,28.29,0.734,49.1,1,2.66,0
East,550.6,29.12,0.436,65.4,0,1.0,1
North,769.5,27.11,0.66,16.7,0,1.99,0
North,470.9,26.61,0.533,48.2,0,6.53,0
North,664.2,27.03,0.805,57.4,1,1.02,1
Central,758.4,23.63,0.906,37.3,0,2.18,0
South,719.0,27.25,0.707,13.7,0,1.85,0
Central,907.5,28.33,0.544,34.9,1,10.01,0
North,505.5,32.68,0.865,53.8,0,1.92,1
Central,413.1,27.74,0.737,68.4,1,1.99,0
Central,470.8,20.96,0.531,9.1,1,1.39,0
North,719.1,27.24,0.649,36.8,1,2.73,1
East,694.7,35.17,0.567,11.1,0,3.24,1
North,635.3,29.93,0.758,54.3,0,1.53,1
East,451.6,25.23,0.594,63.9,1,5.17,1
North,735.0,29.16,0.463,15.4,0,3.24,1
East,436.3,25.42,0.73,13.1,0,4.73,0
East,793.8,23.71,0.901,20.7,0,2.2,0
East,1048.6,26.52,0.815,29.3,0,3.18,0
South,675.0,27.76,0.683,18.6,0,2.37,0
South,707.5,22.26,0.77,57.5,1,7.01,0
South,546.1,24.28,0.814,68.6,1,2.93,1
South,348.5,27.53,0.61,35.7,0,2.73,0
North,529.6,26.36,0.644,19.1,1,2.02,0
Central,456.1,28.61,0.767,28.5,1,1.94,0
Central,402.9,24.1,0.865,35.7,0,3.17,0
East,878.4,29.5,0.936,27.6,1,4.63,0
Central,660.9,24.19,0.359,31.1,0,1.74,0
Central,677.0,32.1,0.53,65.1,0,2.95,1
South,573.6,22.7,0.537,18.1,0,3.06,0
Central,594.1,24.44,0.844,109.3,0,3.43,0
North,764.7,28.67,0.827,36.5,0,0.9,0
Central,615.1,32.16,0.681,26.5,0,1.49,1
Central,699.6,28.38,0.779,17.8,0,1.12,0
North,590.6,29.08,0.759,19.0,0,2.78,0
Central,568.7,27.55,0.817,33.4,0,1.51,1
Central,409.0,24.63,0.806,36.3,1,1.97,1
Central,323.3,26.13,0.887,25.8,1,1.25,0
Central,580.8,24.11,0.816,11.0,0,2.09,0
South,628.5,23.92,0.792,33.4,1,1.31,0
Central,427.1,28.62,0.748,19.3,0,4.45,0
East,614.8,24.36,0.68,7.0,0,3.71,0
East,628.1,28.39,0.726,50.2,0,3.0,0
Central,296.6,23.85,0.77,8.1,0,2.23,1
Central,482.7,28.33,0.872,25.0,0,0.72,1
Central,681.1,26.13,0.791,30.5,1,2.02,0
East,678.1,31.44,0.517,74.6,1,1.66,0
South,446.9,28.41,0.376,7.4,1,3.19,1
South,643.8,30.96,0.657,53.9,1,4.07,0
Central,773.4,25.38,0.857,59.5,0,3.36,0
South,736.6,27.66,0.857,89.3,0,6.18,0
Central,605.7,24.75,0.655,67.0,0,1.88,0
South,549.8,26.34,0.544,31.3,0,1.83,0
North,525.6,26.77,0.552,55.5,1,5.34,0
South,690.2,25.47,0.859,77.0,0,3.03,0
East,649.3,24.1,0.679,5.6,0,2.32,0
North,714.4,23.54,0.785,10.9,0,9.03,0
South,639.8,20.95,0.714,38.9,1,3.96,0
North,742.8,24.54,0.489,59.1,0,2.4,0
South,634.2,29.26,0.771,49.0,1,1.74,0
North,737.7,23.02,0.641,41.4,0,6.44,0
East,750.6,23.67,0.195,88.5,0,3.11,0
North,499.3,32.51,0.532,25.8,0,2.76,1
East,348.8,25.72,0.539,18.7,1,4.22,0
South,851.5,28.4,0.818,22.2,1,4.82,0
South,658.5,29.3,0.487,39.5,0,3.89,0
South,362.8,29.36,0.854,30.4,0,4.83,0
South,512.9,23.24,0.493,61.3,0,3.65,1
East,735.8,26.85,0.654,19.5,0,3.9,0
Central,578.0,22.97,0.861,43.1,0,1.69,0
South,543.2,34.35,0.756,55.6,0,8.82,1
North,830.1,23.03,0.724,76.9,1,1.22,0
South,462.9,24.57,0.714,12.7,1,3.32,0
North,500.3,24.59,0.624,21.9,1,1.14,0
South,651.7,23.31,0.736,28.8,1,2.55,0
South,678.6,31.29,0.684,9.7,1,1.88,0
Central,694.5,34.28,0.327,41.1,1,2.97,0
Central,756.7,26.17,0.602,40.7,0,3.39,0
South,649.8,23.8,0.751,38.3,0,1.46,1
South,693.4,21.24,0.709,27.6,0,2.67,0
Central,581.1,26.82,0.751,71.6,1,6.73,0
South,629.4,26.61,0.557,22.3,0,1.16,1
East,636.1,25.68,0.561,67.3,0,1.56,1
North,652.3,28.12,0.682,21.9,0,4.76,0
North,735.9,28.61,0.717,12.4,0,2.86,0
North,703.3,28.4,0.797,31.5,0,3.0,0
South,626.6,26.61,0.723,35.8,1,5.28,0
Central,498.6,24.42,0.834,43.5,0,1.62,1
South,630.2,29.36,0.462,4.0,1,1.94,0
South,615.8,27.54,0.506,25.4,0,1.79,0
Central,649.0,29.99,0.675,104.3,1,2.17,0
East,951.0,29.71,0.575,20.7,0,6.49,0
South,541.4,23.52,0.805,59.6,0,0.9,0
Central,683.3,23.48,0.45,171.5,1,1.25,0
Central,780.3,25.38,0.655,116.5,1,1.12,0
Central,634.7,24.54,0.812,14.1,1,6.76,0
North,970.7,29.61,0.856,56.4,1,1.82,0
North,563.3,28.48,0.85,58.7,0,2.2,0
East,668.6,30.58,0.5,50.5,0,0.95,0
Central,500.2,28.61,0.628,12.2,0,2.29,0
Central,567.3,28.08,0.545,38.1,1,4.77,0
South,657.3,30.86,0.606,37.9,1,3.2,0
South,746.9,28.82,0.726,10.7,1,2.53,0
East,667.9,27.69,0.858,26.5,1,0.98,0
South,808.9,31.65,0.828,39.3,0,2.2,0
Central,605.8,27.82,0.879,30.8,0,2.99,0
Central,570.2,26.65,0.82,53.0,0,1.43,0
East,1025.6,25.15,0.69,26.0,0,4.16,0
South,679.1,29.47,0.776,35.4,1,4.83,0
East,512.1,30.96,0.59,62.2,0,1.93,1
North,515.9,27.36,0.941,96.5,1,4.36,0
East,478.6,31.16,0.717,12.0,1,2.53,1
South,760.5,21.98,0.833,51.7,0,5.73,0
North,565.3,27.34,0.887,22.9,1,10.2,0
South,639.1,27.39,0.847,43.9,0,1.34,1
South,610.5,25.46,0.475,11.2,1,4.48,0
North,729.7,34.17,0.631,72.5,0,6.35,0
Central,493.0,27.31,0.688,17.6,0,1.45,0
East,458.7,26.36,0.409,62.9,0,1.87,0
Central,653.6,27.57,0.584,12.5,0,1.86,1
Central,710.1,21.89,0.804,9.2,1,2.49,0
Central,669.9,25.37,0.773,28.1,1,2.16,0
Central,498.6,30.25,0.35,38.4,1,2.39,1
East,721.6,25.74,0.626,123.2,0,4.69,0
South,508.4,25.18,0.843,37.7,1,0.79,0
North,541.8,31.17,0.426,14.1,0,1.44,1
East,478.4,31.25,0.653,56.3,0,4.2,1
East,815.2,28.95,0.823,80.4,1,3.89,1
Central,715.0,26.23,0.67,16.9,1,1.37,0
East,710.7,26.83,0.673,61.4,1,3.91,0
North,807.1,25.25,0.799,74.0,1,6.44,0
East,1041.9,24.71,0.905,57.2,0,2.63,0
South,363.6,24.58,0.74,19.9,0,1.41,0
South,509.2,25.77,0.519,38.7,0,4.8,0
North,527.6,24.6,0.56,43.9,0,8.33,0
East,492.4,23.12,0.474,71.2,0,1.53,1
North,458.4,28.11,0.56,20.9,0,2.79,0
Central,575.1,28.16,0.873,62.4,0,5.52,0
North,437.5,32.26,0.791,30.0,0,2.93,1
South,670.3,25.63,0.49,25.4,1,0.87,0
North,627.8,28.33,0.845,34.5,0,3.63,0
East,692.2,28.38,0.824,3.2,0,1.44,0
South,696.2,26.79,0.519,4.6,1,1.19,0
North,710.5,29.58,0.586,6.2,1,0.88,0
North,564.0,29.67,0.536,45.2,0,5.89,1
North,938.2,28.42,0.972,27.6,0,1.58,1
South,655.2,26.78,0.611,19.9,1,3.38,0
South,340.6,26.5,0.648,32.3,1,3.96,1
North,469.6,23.67,0.67,63.4,0,3.02,0
East,358.9,25.24,0.771,31.3,0,3.3,0
North,622.6,25.76,0.388,13.8,0,3.48,0
South,601.7,24.35,0.561,135.8,0,2.97,1
East,549.7,28.73,0.783,33.5,0,1.66,0
South,921.6,30.85,0.615,74.4,1,1.57,0
South,702.3,24.96,0.551,57.6,0,2.54,0
East,728.9,28.29,0.804,24.1,0,2.5,0
North,480.3,24.6,0.904,95.6,1,3.59,0
North,470.1,26.65,0.801,21.2,0,5.56,0
North,625.5,25.57,0.636,44.7,0,3.4,1
Central,646.0,29.19,0.755,40.7,0,1.6,1
South,341.6,25.6,0.856,43.4,0,0.66,0
South,593.0,30.33,0.455,85.5,0,1.65,1
East,622.1,26.81,0.644,34.2,1,1.13,0
North,587.7,25.68,0.687,38.9,0,1.69,0
South,498.0,23.99,0.771,40.3,1,3.18,0
North,539.1,28.21,0.912,119.9,0,2.87,0
Central,593.5,30.01,0.601,70.8,1,9.1,0
South,633.6,28.27,0.831,8.8,0,3.72,0
East,710.7,33.77,0.679,21.9,1,9.4,0
South,782.1,31.5,0.729,35.9,0,4.33,0
North,575.8,26.64,0.734,84.3,0,5.51,1
South,551.6,26.61,0.471,89.6,0,2.15,1
North,685.6,28.82,0.602,32.7,0,1.35,0
East,711.6,25.15,0.434,21.3,1,2.03,0
South,554.9,30.77,0.76,29.5,0,2.7,1
North,738.6,28.51,0.821,36.8,0,1.81,0
North,766.9,28.22,0.64,28.0,1,1.42,0
North,813.8,29.42,0.619,75.6,0,3.56,0
East,886.7,32.32,0.835,26.0,0,1.41,0
Central,490.0,27.98,0.737,17.0,1,1.0,0
South,622.1,27.18,0.822,29.0,1,1.31,0
South,621.7,31.72,0.662,42.1,0,2.33,0
South,605.3,30.21,0.823,76.5,0,1.43,1
North,522.6,26.6,0.756,16.0,0,2.34,1
East,397.2,27.51,0.616,42.3,0,4.02,0
Central,633.9,28.05,0.549,43.2,1,3.95,1
South,504.7,28.51,0.712,48.9,1,1.77,0
South,632.9,23.7,0.647,26.0,0,1.16,0
South,500.9,23.18,0.603,48.3,0,1.87,0
East,455.1,25.02,0.867,56.6,1,4.16,0
North,655.1,24.8,0.788,25.8,0,4.85,1
Central,642.6,25.7,0.813,38.9,1,3.42,0
Central,706.9,29.28,0.245,30.3,0,5.94,0
Central,947.9,27.03,0.805,18.9,0,8.36,0
North,661.6,28.05,0.648,11.4,1,1.99,1
North,692.8,24.07,0.776,21.2,1,7.14,0
Central,458.4,26.21,0.352,22.4,0,2.29,1
Central,427.0,29.14,0.562,11.3,1,5.27,0
Central,857.4,29.17,0.679,46.2,0,4.31,0
South,481.5,25.47,0.686,59.3,0,0.75,0
South,463.4,27.95,0.661,29.7,0,1.45,0
Central,614.1,33.66,0.846,33.0,0,1.23,1
Central,606.5,27.45,0.603,23.6,1,0.85,0
North,484.6,25.56,0.686,31.7,0,4.81,0
South,574.3,27.01,0.505,48.5,0,10.43,0
Central,804.4,27.76,0.754,42.4,0,2.3,0
North,499.1,27.08,0.791,31.5,1,4.74,0
Central,410.9,27.41,0.748,22.4,1,7.13,0
Central,761.4,23.46,0.748,56.0,0,3.11,0
North,693.8,24.8,0.803,24.2,0,2.67,0
South,526.9,27.08,0.714,12.1,1,2.32,0
South,382.7,27.04,0.842,37.3,0,3.86,1
South,508.3,25.91,0.568,7.3,1,4.8,0
South,611.8,27.0,0.441,41.2,0,3.67,0
South,794.9,27.67,0.654,43.3,1,3.59,0
Central,464.5,29.99,0.912,21.0,0,2.63,0
South,607.3,27.22,0.43,23.4,0,0.97,1
South,721.3,28.62,0.941,61.4,0,4.87,0
Central,262.8,25.98,0.539,112.7,0,1.18,0
South,775.1,29.1,0.666,34.3,0,4.07,1
Central,442.6,28.55,0.619,21.4,1,4.44,0
Central,669.8,29.92,0.81,43.5,0,1.3,0
South,657.0,29.5,0.788,30.6,0,1.83,0
East,782.7,29.15,0.636,41.6,0,10.79,1
East,702.6,27.22,0.865,37.4,0,2.58,0
Central,263.4,28.19,0.914,38.0,0,1.23,1
Central,502.3,30.48,0.792,5.1,0,4.57,1
South,640.7,25.67,0.664,23.4,1,1.65,0
Central,590.8,25.74,0.724,21.7,1,0.78,0
East,691.6,28.01,0.61,21.5,0,3.81,0
Central,738.4,28.66,0.541,51.0,1,1.5,0
North,711.3,25.19,0.448,13.1,0,3.35,0
North,587.9,27.29,0.62,5.2,0,1.6,0
East,343.0,27.24,0.571,21.1,1,4.3,0
North,551.7,21.3,0.821,17.9,1,3.06,0
Central,682.5,26.89,0.825,34.5,0,0.51,0
Central,456.4,27.06,0.636,17.8,0,3.48,1
North,714.7,27.05,0.546,27.5,0,2.25,0
Central,756.3,31.46,0.597,24.7,0,6.83,0
South,639.0,24.1,0.975,74.0,1,3.51,0
North,180.0,25.19,0.513,18.1,0,4.44,1
East,428.3,20.19,0.829,49.0,1,1.71,0
East,902.9,26.15,0.616,31.4,1,1.63,0
Central,538.0,26.39,0.858,62.3,0,2.67,0
North,322.4,26.07,0.4,88.7,1,2.15,1
South,805.3,30.6,0.625,31.0,1,6.49,0
North,622.0,29.91,0.802,7.5,0,2.46,1
Central,785.7,27.72,0.535,13.1,0,1.23,0
East,661.5,26.46,0.672,10.6,1,1.59,0
East,688.8,30.37,0.405,23.5,1,5.09,0
South,674.5,27.44,0.386,20.8,0,2.44,1
Central,724.6,25.21,0.763,38.6,0,2.35,0
South,961.6,22.69,0.767,59.1,1,5.41,0
South,765.7,26.26,0.728,6.8,1,1.5,0
Central,382.9,29.61,0.745,33.1,0,0.64,0
South,687.0,33.87,0.846,18.5,0,1.56,0
North,791.2,27.67,0.746,33.9,1,3.18,0
North,800.4,25.36,0.732,23.5,0,2.31,0
Central,556.0,24.18,0.489,52.7,0,0.99,0
North,794.7,29.05,0.702,13.9,0,5.26,1
North,759.2,22.56,0.401,19.5,0,3.02,0
East,1005.9,29.04,0.513,29.5,1,3.5,0
East,507.5,29.79,0.475,25.4,0,3.57,1
South,543.9,28.72,0.358,29.4,1,1.17,1
East,574.1,26.88,0.684,8.4,0,3.31,0
East,546.5,29.08,0.733,80.3,1,4.9,0
North,486.5,27.98,0.362,22.2,0,5.7,0
Central,205.6,25.32,0.58,14.7,0,4.34,0
Central,554.8,32.68,0.656,30.0,1,3.79,1
North,675.4,26.52,0.468,33.3,1,0.88,1
South,546.0,29.67,0.818,102.9,0,2.69,1
Central,910.3,20.73,0.882,65.4,0,1.46,0
Central,622.0,31.07,0.628,25.0,0,6.26,1
North,813.7,31.61,0.684,91.6,1,5.67,0
North,659.2,27.58,0.669,80.4,0,1.47,1
East,744.0,29.06,0.532,14.9,1,2.64,0
North,661.9,29.06,0.512,118.1,0,3.19,1
North,825.3,25.7,0.268,22.5,1,4.88,0
Central,628.4,29.03,0.843,36.1,0,0.91,0
Central,694.4,25.24,0.731,72.6,0,0.65,0
South,674.9,25.8,0.936,6.8,1,2.79,0
Central,576.8,30.66,0.564,29.4,0,0.52,1
North,680.7,30.23,0.53,40.1,1,3.01,0
Central,955.2,25.52,0.732,63.8,0,3.99,1
East,579.4,25.45,0.457,32.2,0,6.07,1
South,682.9,25.69,0.838,6.9,1,1.81,0
South,808.7,29.55,0.722,102.4,0,3.02,0
South,791.0,24.7,0.497,33.0,0,4.15,0
South,621.8,28.5,0.506,41.2,0,1.27,0
North,262.5,29.59,0.573,9.3,0,4.93,1
Central,697.5,27.25,0.577,78.1,1,3.25,0
Central,287.1,30.33,0.377,22.8,0,1.83,0
Central,840.5,26.65,0.969,18.6,0,2.98,0
East,645.4,26.9,0.478,67.1,0,2.48,1
Central,770.0,24.76,0.695,10.3,1,4.51,0
South,484.7,30.35,0.569,41.6,1,2.15,1
East,387.1,25.35,0.392,18.1,1,3.15,0
Central,659.1,28.48,0.285,45.0,0,1.82,1
East,615.0,27.3,0.868,53.3,0,1.48,0
South,546.3,24.55,0.636,22.1,0,3.04,0
East,632.7,25.79,0.496,75.2,1,1.52,1
Central,1035.1,31.37,0.751,33.1,0,4.57,0
Central,745.2,28.06,0.848,103.4,0,3.99,0
Central,777.4,24.67,0.502,67.7,0,1.65,0
North,746.6,28.35,0.611,35.7,1,3.12,0
Central,841.9,27.09,0.784,35.6,0,1.65,0
East,591.5,37.17,0.724,11.3,0,0.96,0
South,311.8,28.3,0.713,67.1,1,1.84,1
North,591.7,26.43,0.868,20.5,1,2.63,0
Central,741.8,31.48,0.343,38.5,0,3.81,1
North,474.5,22.35,0.456,102.8,1,3.0,1
North,593.5,27.76,0.169,74.3,0,4.9,0
East,516.2,33.08,0.922,15.7,0,1.44,1
Central,845.3,27.17,0.83,33.2,0,2.13,0
Central,732.4,22.65,0.643,41.3,1,7.92,0
South,717.7,26.39,0.659,80.2,1,0.77,0
North,713.2,31.57,0.767,72.7,0,2.03,0
Central,614.4,28.55,0.898,48.7,0,1.35,0
South,649.6,25.15,0.71,45.6,1,2.39,0
South,442.2,25.58,0.615,32.7,0,2.05,1
East,292.0,25.93,0.599,40.4,1,4.02,1
South,642.5,28.51,0.742,27.4,1,3.21,0
Central,668.6,31.25,0.492,56.6,0,1.16,0
South,801.4,30.45,0.442,47.3,0,1.85,1
East,855.7,28.78,0.755,65.5,0,2.72,0
South,855.5,23.77,0.753,64.3,0,4.4,0
East,470.3,23.78,0.34,20.4,0,13.22,0
South,567.2,28.99,0.798,3.9,1,4.29,0
East,692.1,23.73,0.544,19.2,1,1.41,0
North,999.8,26.87,0.707,40.2,0,2.56,0
South,842.0,28.35,0.407,27.5,1,3.06,0
Central,787.9,24.31,0.346,26.6,0,1.94,0
South,561.8,24.63,0.67,18.3,1,3.69,0
South,487.5,27.24,0.437,44.2,0,0.62,1
East,738.3,28.91,0.325,7.1,0,3.89,1
East,454.9,30.47,0.559,48.5,0,1.99,0
Central,584.2,29.2,0.718,49.1,0,2.53,1
South,602.8,27.71,0.319,64.6,1,7.05,1
South,858.9,25.41,0.897,182.1,0,1.2,0
Central,566.8,24.5,0.827,3.4,0,3.25,0
North,254.1,26.07,0.457,47.6,0,4.55,1
North,695.7,28.65,0.726,54.0,0,3.04,0
South,515.1,28.44,0.561,19.3,0,0.95,0
Central,626.4,21.62,0.594,28.9,0,6.54,0
East,607.0,25.3,0.522,23.0,0,2.37,0
Central,578.9,30.87,0.618,49.7,1,1.93,1
East,738.6,27.72,0.809,69.2,0,2.22,0
Central,390.1,23.53,0.713,12.7,0,2.12,1
South,542.4,34.1,0.493,44.6,0,1.25,1
North,722.6,27.42,0.625,78.7,1,3.03,0
South,527.9,28.58,0.934,20.4,1,1.84,0
South,378.7,28.62,0.381,2.5,0,4.2,1
East,720.3,26.47,0.737,16.6,0,3.81,0
East,788.5,25.46,0.454,15.1,0,7.82,0
North,613.3,33.44,0.752,17.4,0,2.37,0
Central,325.9,30.31,0.494,101.7,1,1.61,1
North,725.9,29.8,0.538,116.8,1,1.05,1
North,371.0,29.11,0.534,85.3,0,11.31,0
South,666.3,24.69,0.37,27.0,1,4.18,0
South,486.9,31.08,0.953,87.4,1,1.73,0
South,446.0,25.14,0.619,4.0,1,8.17,0
East,553.7,28.29,0.962,14.3,1,6.56,0
South,592.5,22.91,0.733,57.5,0,1.13,0
South,523.4,21.79,0.604,21.8,1,1.67,0
North,708.3,28.39,0.711,12.8,0,2.49,0
North,553.1,25.23,0.472,43.6,0,1.36,0
South,767.0,21.93,0.582,44.4,0,2.55,0
East,662.2,29.01,0.933,47.4,1,4.32,0
North,515.4,33.44,0.753,51.1,0,1.11,1
Central,490.1,31.39,0.7,42.1,0,3.29,0
South,372.9,26.78,0.452,31.0,1,5.81,1
North,663.6,27.52,0.766,35.2,0,3.53,0
Central,566.8,29.99,0.772,58.1,0,2.59,1
East,264.2,30.64,0.523,41.0,0,1.76,1
South,539.6,26.54,0.838,23.7,1,4.66,0
North,484.8,27.6,0.715,19.0,0,1.26,0
East,856.4,28.34,0.757,35.0,0,3.18,0
Central,364.6,29.05,0.809,78.4,0,2.76,1
East,403.8,27.13,0.8,51.6,1,5.65,0
Central,786.5,27.16,0.759,81.1,1,1.86,0
South,823.5,31.36,0.925,26.7,0,1.97,0
Central,508.3,30.89,0.887,38.9,1,1.21,0
Central,525.2,28.84,0.707,43.1,1,3.61,0
East,712.4,32.31,0.636,59.9,1,2.06,0
North,270.9,26.42,0.856,26.7,0,1.55,1
North,340.8,32.04,0.519,51.5,0,1.65,1
Central,577.9,29.02,0.756,75.6,1,3.85,0
South,852.5,36.66,0.688,32.2,0,1.33,1
South,554.6,24.16,0.753,17.1,0,1.41,0
East,635.1,25.57,0.809,77.2,0,4.87,0
Central,790.1,28.67,0.306,54.7,0,2.44,0
Central,936.0,28.61,0.387,10.3,0,5.06,0
North,533.5,32.96,0.693,32.8,0,2.15,1
South,617.5,25.63,0.5,105.6,0,2.72,0
East,893.3,30.03,0.907,48.8,1,3.01,0
South,391.7,30.75,0.831,35.0,0,6.7,0
South,774.1,29.47,0.32,15.4,0,6.35,1
Central,467.3,24.81,0.729,15.3,0,5.75,0
East,635.4,31.44,0.346,57.4,0,1.81,1
Central,583.6,30.94,0.94,16.5,1,1.43,0
North,476.3,29.18,0.535,43.3,0,4.46,0
Central,472.5,28.07,0.806,32.1,1,6.65,0
North,661.5,28.13,0.909,41.5,1,5.79,0
North,769.3,27.28,0.707,30.2,0,2.74,0
North,600.5,29.29,0.849,47.3,1,4.36,0
Central,630.5,27.59,0.96,64.3,0,4.41,0
South,705.7,25.12,0.881,30.5,0,2.99,0
Central,474.3,24.56,0.867,60.7,0,3.08,0
Central,731.0,25.39,0.825,83.4,0,2.9,0
East,742.9,28.12,0.627,43.1,1,1.63,0
South,1010.5,27.42,0.863,56.5,0,1.74,0
South,563.6,28.1,0.88,12.8,0,1.72,1
Central,551.3,28.9,0.822,31.0,0,0.96,0
East,735.3,25.74,0.652,9.2,0,2.98,0
North,742.9,31.6,0.682,23.3,1,2.65,0
Central,539.7,26.75,0.795,31.3,0,4.46,0
East,559.5,26.29,0.551,111.4,0,6.17,0
Central,701.2,28.85,0.487,19.2,0,6.43,0
South,495.9,22.36,0.88,33.8,1,6.83,0
South,558.4,25.29,0.821,16.6,1,1.66,0
South,633.4,30.25,0.226,29.4,0,1.07,1
Central,769.4,22.64,0.888,47.8,0,4.98,0
Central,529.3,30.63,0.662,53.1,0,6.68,1
Central,343.6,31.73,0.834,26.6,0,7.47,1
North,332.5,26.47,0.625,21.4,0,3.73,0
East,431.1,28.32,0.75,90.4,0,0.74,0
Central,423.0,30.63,0.753,25.2,1,3.45,0
South,596.8,26.19,0.664,4.8,0,3.9,0
South,441.7,29.93,0.767,75.8,0,6.13,1
South,514.6,25.62,0.48,6.1,0,6.88,1
Central,503.9,26.16,0.545,75.9,0,4.91,0
Central,553.9,25.26,0.72,9.4,1,1.86,0
East,818.4,28.46,0.59,11.2,1,1.39,0
South,719.3,30.74,0.737,14.0,0,3.85,0
South,622.4,26.98,0.915,23.7,1,1.62,0
East,550.8,23.94,0.412,76.4,0,7.09,0
South,555.0,24.47,0.839,14.4,0,0.9,0
North,669.2,28.6,0.696,47.7,1,3.93,0
South,707.6,32.66,0.741,40.8,0,3.35,1
North,483.9,28.6,0.889,36.1,0,2.38,0
South,625.5,26.42,0.706,67.4,0,1.49,0
East,315.3,29.65,0.851,38.2,0,0.71,1
Central,651.8,26.83,0.878,40.3,1,1.92,0
Central,734.3,26.44,0.659,56.1,0,1.95,1
North,578.0,24.82,0.717,24.3,0,5.6,0
East,892.5,31.44,0.469,34.1,1,1.63,0
North,487.8,20.39,0.479,43.0,0,3.65,0
North,652.6,29.73,0.563,63.2,0,1.17,0
Central,614.6,26.2,0.768,31.0,0,3.71,0
North,605.0,26.35,0.429,33.6,0,0.63,1
Central,602.9,32.24,0.785,47.0,0,10.61,0
Central,636.1,25.5,0.886,31.4,0,2.48,1
Central,747.2,25.6,0.641,19.6,0,0.44,0
North,826.7,27.13,0.531,56.1,0,1.7,0
North,619.7,28.66,0.764,38.4,1,1.54,0
Central,742.3,26.26,0.713,25.7,1,1.77,1
North,514.7,23.09,0.788,14.0,0,2.14,0
South,734.9,25.08,0.85,6.3,1,1.77,0
North,505.7,31.09,0.852,48.6,1,1.6,1
Central,783.6,27.71,0.63,19.2,1,1.28,0
Central,951.6,28.76,0.523,8.9,1,4.64,0
Central,601.7,26.77,0.619,17.4,0,5.93,0
North,291.1,25.65,0.459,42.9,0,2.3,0
North,537.8,32.2,0.833,19.1,1,2.69,0
East,804.8,26.97,0.439,43.5,0,1.31,0
North,703.0,26.26,0.78,22.4,1,2.85,0
Central,657.3,30.57,0.737,33.9,1,3.16,0
Central,771.3,25.48,0.55,36.1,0,2.36,0
Central,692.7,25.83,0.949,54.1,0,3.52,1
Central,802.7,27.53,0.823,55.2,1,3.32,0
South,757.9,27.5,0.742,34.7,0,1.37,1
East,848.3,28.23,0.772,16.0,1,5.9,0
Central,673.8,33.36,0.65,72.2,1,2.38,0
Central,755.8,28.44,0.689,25.3,0,8.08,1
Central,573.9,20.84,0.337,3.0,0,3.57,0
Central,529.8,28.41,0.805,41.8,0,9.79,0
South,876.0,27.61,0.485,42.9,1,5.84,0
North,652.4,27.62,0.886,26.1,0,3.15,1
Central,740.7,28.19,0.605,9.5,0,1.7,0
East,638.6,27.42,0.621,7.6,0,1.72,0
North,532.0,27.35,0.774,27.6,0,3.84,0
Central,621.6,29.22,0.689,14.7,0,2.98,0
South,835.4,25.98,0.672,63.0,0,1.85,0
North,703.3,24.85,0.471,26.8,1,4.67,0
North,363.3,35.97,0.631,24.4,0,2.79,1
North,587.7,25.5,0.681,104.1,1,4.69,0
East,887.3,27.78,0.674,3.6,1,1.44,0
North,587.9,23.31,0.82,33.7,0,5.21,0
North,349.9,27.83,0.542,6.5,0,3.76,0
North,904.0,24.89,0.618,77.1,0,5.92,0
North,722.4,26.26,0.323,8.7,0,5.13,0
South,609.5,30.43,0.553,44.1,0,2.57,0
Central,564.3,28.82,0.325,39.9,0,2.44,0
South,782.4,29.09,0.603,6.4,0,8.66,0
South,538.7,22.54,0.898,44.4,0,2.25,0
East,792.2,32.64,0.855,22.3,0,4.42,0
North,701.3,24.16,0.861,50.3,0,2.12,0
East,656.7,31.78,0.622,21.2,0,0.81,1
South,641.8,30.36,0.687,44.5,0,1.22,1
North,593.8,29.12,0.891,31.3,0,3.54,1
South,776.8,25.11,0.627,44.4,0,4.29,0
East,490.2,27.92,0.716,49.7,0,3.55,0
Central,376.7,26.18,0.552,28.8,0,5.73,1
East,712.2,27.58,0.795,25.4,0,3.51,0
Central,714.7,26.8,0.571,48.8,0,1.64,0
South,692.0,21.79,0.811,22.6,1,4.0,0
East,681.2,30.64,0.591,29.3,0,3.04,0
Central,571.9,27.27,0.864,86.8,0,1.87,0
South,738.1,26.14,0.493,34.0,0,3.7,0
Central,613.2,25.93,0.364,55.2,1,2.86,1
South,546.9,28.5,0.622,20.0,1,1.83,0
South,573.2,25.0,0.824,44.1,0,2.42,0
North,923.1,21.19,0.555,29.9,0,6.81,0
Central,359.8,28.64,0.702,25.9,0,6.67,1
Central,695.0,28.95,0.534,5.9,1,3.07,1
North,368.1,26.94,0.804,14.9,0,2.82,1
North,603.8,24.29,0.868,5.0,1,1.07,0
Central,555.0,27.75,0.664,108.4,0,8.31,1
North,307.2,23.4,0.431,31.0,0,5.33,1
North,678.4,24.62,0.668,34.1,0,4.43,0
South,563.0,25.4,0.838,61.9,0,0.62,0
South,305.1,29.86,0.496,41.2,0,2.79,1
South,745.9,26.48,0.769,25.8,1,2.5,0
Central,835.3,26.25,0.817,26.0,0,4.24,0
East,843.5,32.97,0.198,13.9,0,2.03,0
South,673.8,28.49,0.632,46.6,1,2.34,1
North,626.9,28.45,0.574,47.7,1,4.07,0
North,819.2,26.46,0.856,34.4,1,1.64,0
South,872.4,25.83,0.719,30.4,1,1.87,0
North,790.0,21.38,0.665,48.0,0,3.08,0
Central,478.8,30.21,0.811,13.6,1,6.49,1
East,650.2,28.76,0.835,42.8,0,4.6,0
North,685.9,27.0,0.898,89.9,1,5.47,1
North,348.6,27.12,0.72,20.4,1,2.83,0
East,690.4,29.56,0.526,28.3,0,7.18,0
South,960.9,23.15,0.845,74.9,0,0.88,0
North,716.0,25.85,0.65,34.5,1,10.12,0
East,841.0,24.32,0.821,58.2,1,11.01,0
East,647.4,32.46,0.566,44.5,0,3.66,0
Central,609.0,29.95,0.575,47.1,1,4.67,1
South,677.2,21.33,0.526,19.5,0,2.65,0
Central,497.6,23.26,0.749,19.0,0,2.37,0
North,475.4,27.13,0.671,53.1,0,1.83,0
South,809.9,26.18,0.754,10.3,0,2.63,0
Central,825.9,23.79,0.803,29.3,0,3.9,0
South,471.3,32.95,0.611,48.1,1,3.57,1
East,765.2,28.38,0.59,28.2,0,9.89,1
North,607.0,28.83,0.678,30.7,1,2.9,0
South,671.0,25.56,0.815,60.1,1,1.03,1
North,689.0,29.52,0.917,80.9,0,7.92,1
East,769.2,26.43,0.486,136.2,1,1.23,0
Central,632.4,26.71,0.954,76.4,1,1.89,0
South,831.5,29.21,0.807,24.0,0,3.24,0
South,666.4,22.94,0.533,16.9,0,3.56,0
Central,713.6,31.97,0.63,24.2,0,1.06,0
South,495.0,28.01,0.488,48.6,0,1.67,1
South,943.8,31.09,0.652,26.1,0,1.04,0
South,690.5,24.49,0.859,20.1,0,4.07,0
South,726.9,24.92,0.879,87.3,1,5.87,0
East,378.8,24.25,0.387,25.5,1,1.23,0
Central,496.6,28.2,0.4,46.1,1,5.19,1
Central,805.7,27.68,0.593,45.2,1,4.98,0
North,663.0,26.2,0.616,6.0,0,1.77,0
South,332.9,24.66,0.797,83.9,0,0.75,1
Central,775.7,23.95,0.336,12.9,0,1.35,0
Central,538.4,27.36,0.742,9.3,0,1.85,0
North,831.7,26.2,0.919,23.3,0,7.4,0
East,606.8,25.58,0.97,17.1,1,2.52,0
Central,650.7,31.83,0.8,75.4,0,1.41,0
South,796.8,27.27,0.428,40.7,0,2.99,0
North,485.4,31.06,0.591,21.7,0,1.17,0
East,471.1,26.01,0.55,9.0,0,3.8,0
North,590.5,28.19,0.702,44.1,0,1.44,0
North,744.1,27.34,0.938,27.3,0,1.58,0
East,420.4,22.75,0.684,48.3,1,3.47,0
East,369.8,31.5,0.631,40.9,1,8.48,1
North,743.6,27.12,0.192,17.6,0,11.34,1
Central,529.6,29.59,0.863,52.5,0,1.38,0
South,561.2,25.39,0.774,11.6,0,1.84,1
East,341.5,27.04,0.657,26.4,0,3.8,1
Central,518.2,25.07,0.507,29.2,0,5.81,0
Central,618.9,30.96,0.384,32.2,0,0.67,1
South,759.6,28.37,0.573,10.9,0,2.88,0
South,504.3,28.53,0.778,73.0,0,1.98,1
South,868.6,31.3,0.848,17.6,0,0.78,0
South,517.3,30.74,0.396,7.1,1,1.14,0
North,517.5,29.64,0.855,41.8,0,1.88,0
East,850.6,23.52,0.656,107.4,0,2.82,0
East,651.7,25.55,0.446,6.0,0,5.23,1
South,537.2,24.69,0.528,14.7,1,3.42,0
North,596.7,29.54,0.879,60.6,0,5.03,1
North,823.0,27.98,0.606,33.9,0,2.77,0
South,839.9,23.61,0.139,11.3,0,1.72,0
North,497.5,26.97,0.811,29.0,1,2.41,0
East,613.6,23.32,0.329,91.2,1,4.27,0
Central,633.5,27.35,0.44,78.1,0,5.32,0
South,472.1,22.86,0.535,152.5,0,2.47,1
East,611.6,28.98,0.839,54.2,0,1.49,0
Central,620.8,28.56,0.745,22.8,0,3.38,0
Central,791.0,32.84,0.814,59.9,0,3.71,1
South,801.1,29.87,0.598,19.1,0,6.06,0
South,570.6,26.32,0.592,30.8,0,1.75,1
Central,587.9,29.79,0.726,19.3,1,1.76,0
South,719.6,23.59,0.654,54.0,0,4.44,0
East,532.2,24.81,0.627,50.8,0,2.09,0
Central,708.3,28.43,0.859,20.6,1,2.03,0
North,606.8,21.46,0.716,69.2,1,6.14,1
Central,474.6,27.4,0.738,83.7,0,1.11,0
Central,476.5,24.64,0.763,23.0,1,10.35,1
North,837.1,27.78,0.886,44.7,0,1.83,1
North,596.5,24.48,0.703,87.1,1,4.77,0
South,866.1,28.69,0.822,42.0,0,2.53,0
Central,543.0,27.55,0.855,26.5,1,3.24,0
East,663.7,31.42,0.472,31.8,0,2.29,0
Central,978.9,27.52,0.925,22.7,0,4.74,0
North,461.4,25.35,0.43,70.6,0,2.17,1
South,335.3,26.81,0.868,65.0,0,1.87,1
East,813.0,23.74,0.663,120.8,0,8.83,0
Central,496.0,28.64,0.948,18.8,1,2.77,0
North,616.9,29.15,0.645,21.7,0,1.75,0
North,532.1,34.41,0.678,9.5,1,1.03,1
Central,660.2,25.76,0.871,48.9,0,9.14,0
Central,477.4,26.75,0.675,13.2,0,1.9,0
Central,593.0,25.89,0.855,116.9,0,10.38,0
North,687.5,28.09,0.953,17.1,0,3.52,1
Central,468.8,28.57,0.969,5.6,0,2.98,0
East,515.0,27.35,0.822,12.7,1,3.04,0
South,567.9,30.54,0.424,41.1,0,11.48,1
Central,405.7,25.77,0.632,31.4,0,0.65,0
North,556.6,30.26,0.237,16.8,0,3.12,1
Central,637.8,29.01,0.682,30.3,0,2.29,0
Central,560.1,27.47,0.731,21.0,0,2.37,0
South,579.3,26.62,0.122,48.1,0,3.0,1
East,617.0,34.29,0.405,13.6,0,2.29,1
East,521.6,25.21,0.75,37.1,1,3.07,0
East,723.7,28.33,0.421,38.2,0,2.68,0
East,835.4,25.4,0.722,32.2,0,1.16,0
East,550.3,32.5,0.721,44.2,0,3.48,0
North,692.8,29.98,0.714,30.0,0,4.33,0
North,584.1,25.6,0.692,53.6,1,1.91,0
Central,674.8,28.94,0.894,32.1,1,9.15,0
South,854.9,28.22,0.56,72.6,1,6.48,0
North,696.3,26.05,0.902,36.9,1,4.7,0
East,354.0,29.62,0.48,69.7,0,4.67,1
South,688.1,28.59,0.855,21.3,0,2.77,0
South,804.9,28.1,0.712,15.0,0,5.71,0
North,586.8,27.38,0.448,53.4,1,7.55,0
Central,769.3,28.71,0.306,32.6,1,4.6,0
North,516.5,28.14,0.82,3.7,0,1.88,1
East,397.2,27.67,0.64,18.4,0,2.65,0
South,641.2,25.71,0.647,41.2,0,3.95,0
South,356.5,32.24,0.743,30.5,1,4.69,1
Central,584.0,24.56,0.701,17.8,0,2.58,0
Central,813.0,28.7,0.853,32.4,0,1.88,0
Central,333.5,26.6,0.734,36.3,0,7.61,1
South,428.1,32.43,0.893,7.1,0,1.35,0
South,465.2,24.97,0.487,68.4,0,1.47,0
North,610.5,25.44,0.619,78.6,0,1.15,1
East,565.1,24.78,0.594,18.4,1,1.47,0
North,829.9,28.41,0.426,105.1,0,6.12,1
East,763.2,23.66,0.921,30.7,1,6.25,0
North,694.3,26.16,0.673,20.1,0,2.59,0
Central,641.8,21.47,0.528,19.6,0,3.75,0
East,679.0,28.17,0.468,100.7,0,2.7,0
North,490.7,26.1,0.685,13.9,0,1.25,0
Central,748.6,23.33,0.26,36.8,0,11.49,0
Central,453.2,30.54,0.633,40.0,0,6.64,1
Central,745.3,23.84,0.516,53.6,0,3.42,0
South,797.9,29.73,0.594,34.8,0,1.56,0
East,651.6,25.54,0.453,96.1,1,2.35,1
East,593.6,31.98,0.836,107.7,0,1.73,0
Central,680.0,29.6,0.791,82.3,0,2.9,0
Central,190.8,24.68,0.793,42.8,0,3.32,1
Central,665.3,24.93,0.583,61.1,0,2.18,0
Central,603.0,29.2,0.659,26.2,1,1.06,0
North,612.4,26.77,0.382,70.1,0,10.87,0
East,726.0,27.03,0.692,21.0,1,3.17,1
East,608.8,31.06,0.966,15.9,1,3.66,0
South,449.0,25.4,0.738,15.5,0,2.07,0
Central,598.8,27.76,0.924,48.9,0,0.98,0
Central,630.1,30.17,0.288,88.6,1,2.58,1
Central,637.2,29.77,0.464,93.2,1,2.2,0
Central,644.3,27.05,0.752,4.1,0,4.31,0
Central,775.9,26.69,0.516,63.6,0,4.9,0
North,457.1,22.63,0.86,15.0,0,4.47,0
North,646.4,24.54,0.83,134.9,1,5.17,1
East,813.5,28.39,0.744,11.1,1,8.78,0
Central,359.8,27.11,0.615,7.3,0,3.5,1
East,646.9,27.71,0.57,64.5,0,5.55,0
North,532.2,30.41,0.607,25.0,1,3.75,1
South,564.4,24.18,0.828,23.9,1,0.79,0
North,484.3,26.84,0.247,18.1,0,2.46,0
Central,594.6,28.03,0.499,20.7,0,1.55,0
North,896.2,25.53,0.372,66.4,0,3.16,1
North,430.3,31.51,0.588,15.5,0,1.63,1
East,444.6,30.04,0.497,29.9,0,4.03,0
Central,424.7,28.31,0.716,14.1,0,5.14,0
South,879.1,32.52,0.563,35.8,1,5.94,0
Central,550.6,23.3,0.592,23.5,0,7.79,0
Central,616.2,27.48,0.861,46.1,0,0.91,0
Central,559.6,28.53,0.859,50.3,0,1.25,1
North,478.3,24.94,0.654,89.6,0,18.23,1
East,584.7,28.34,0.383,129.3,0,5.24,1
South,988.7,24.4,0.706,19.7,0,3.15,0
South,828.8,29.43,0.575,54.3,0,2.78,0
Central,492.1,30.46,0.717,23.2,0,2.62,0
North,717.1,28.26,0.671,49.3,1,0.77,0
East,495.3,22.31,0.627,47.8,1,1.65,0
Central,353.5,24.79,0.921,46.8,0,2.53,1
North,772.9,29.08,0.361,57.1,0,1.71,1
Central,794.0,27.56,0.701,37.5,0,1.86,0
South,776.9,19.96,0.672,25.0,1,14.34,0
South,549.5,30.98,0.581,36.1,1,2.31,0
South,595.0,27.88,0.694,123.2,0,3.26,0
South,732.5,25.21,0.633,21.5,0,3.18,0
North,678.7,30.29,0.787,26.6,0,3.99,1
East,561.0,25.6,0.708,18.5,0,1.99,0
Central,377.1,25.57,0.848,5.9,0,6.11,0
South,637.1,28.5,0.729,31.9,0,3.63,0
North,781.9,32.49,0.883,51.6,1,1.18,0
East,440.4,32.05,0.636,16.1,0,2.53,0
Central,715.8,28.51,0.634,80.7,0,2.43,0
North,669.7,28.79,0.755,45.1,0,2.36,1
Central,732.5,29.72,0.628,66.8,1,3.78,0
North,750.8,23.98,0.583,42.2,0,4.11,0
North,515.8,29.3,0.612,29.8,0,3.8,0
South,377.5,25.44,0.781,25.5,1,3.39,0
Central,540.0,28.39,0.847,41.0,0,2.87,0
East,753.4,26.86,0.541,43.6,0,0.67,0
Central,538.7,28.9,0.952,22.7,0,4.51,0
South,515.9,27.83,0.792,29.2,0,3.73,0
Central,346.8,18.9,0.923,108.3,1,1.43,0
South,882.9,28.0,0.594,36.6,0,3.26,0
South,743.9,29.3,0.723,39.3,0,4.14,0
Central,735.5,28.75,0.521,91.8,0,5.82,0
East,765.2,27.21,0.845,44.0,1,3.79,0
Central,706.5,32.1,0.708,33.4,1,3.35,0
North,583.4,28.37,0.712,65.5,0,5.03,0
South,595.4,28.73,0.602,56.0,0,2.23,0
East,555.9,30.42,0.756,40.0,0,3.55,0
North,1015.2,28.52,0.821,42.4,1,1.82,0
Central,703.4,24.99,0.627,27.2,0,5.59,1
East,550.4,20.67,0.711,13.3,0,0.95,0
South,689.8,26.16,0.508,50.7,0,4.62,0
East,468.4,29.63,0.452,9.0,1,2.75,0
Central,845.7,26.51,0.951,13.8,0,5.09,0
South,520.8,29.74,0.67,28.9,0,1.64,0
Central,695.2,27.92,0.824,26.8,1,2.88,0
East,779.9,31.11,0.507,54.4,0,2.83,0
Central,677.7,26.67,0.587,64.1,0,3.6,0
South,634.2,28.81,0.871,118.1,0,1.38,0
Central,621.6,28.92,0.529,7.7,0,4.11,0
South,611.5,31.7,0.587,46.7,0,0.82,1
South,533.5,22.72,0.696,45.4,0,1.76,0
Central,552.6,26.22,0.725,41.5,0,0.98,0
East,841.9,29.88,0.485,50.7,0,4.66,0
Central,603.7,31.83,0.602,58.0,1,3.53,0
South,502.1,28.17,0.21,82.4,0,3.66,0
Central,542.6,26.68,0.705,42.4,1,7.08,0
Central,785.1,29.62,0.61,98.8,0,2.21,0
Central,721.3,29.93,0.859,42.6,0,4.04,0
North,704.0,26.49,0.887,24.1,0,2.84,0
North,581.4,28.42,0.744,40.0,0,2.57,0
South,706.0,30.81,0.821,17.3,0,6.36,1
South,523.5,32.79,0.44,18.0,0,10.52,0
South,581.1,29.58,0.539,30.8,1,2.05,0
North,765.5,27.62,0.848,27.6,1,4.67,0
Central,751.1,27.35,0.767,80.9,0,3.34,0
North,472.7,29.06,0.29,30.5,1,3.37,1
South,491.7,27.18,0.731,15.3,0,3.19,0
East,636.3,28.03,0.569,34.9,0,2.19,1
Central,878.9,24.54,0.481,42.3,0,0.26,0
South,332.7,31.13,0.529,37.6,1,7.37,1
North,661.7,24.31,0.917,14.6,1,1.73,0
Central,413.6,26.29,0.45,86.6,1,2.32,0
North,524.9,27.77,0.595,6.9,1,2.36,1
Central,565.3,33.07,0.603,37.2,0,1.63,1
South,556.9,26.32,0.752,14.2,1,3.18,0
East,539.9,25.64,0.323,68.0,1,2.64,0
North,621.1,25.96,0.581,46.8,1,1.71,0
South,539.7,32.14,0.802,42.3,0,3.0,1
South,400.6,19.63,0.524,28.8,1,2.66,0
East,737.0,24.69,0.816,81.8,0,4.97,0
South,732.9,35.15,0.687,28.7,1,1.14,0
Central,746.5,29.15,0.593,104.4,1,1.61,0
South,388.9,24.4,0.427,17.6,1,4.36,0
Central,664.8,27.38,0.826,35.1,0,1.79,1
East,721.4,27.69,0.771,57.0,0,1.51,0
Central,465.3,29.87,0.793,49.0,1,1.85,0
South,621.4,32.65,0.528,33.1,1,2.55,1
North,602.6,28.59,0.371,7.9,1,2.55,1
Central,896.3,25.99,0.503,39.0,1,2.37,0
East,908.7,29.7,0.601,26.2,0,1.39,0
South,370.3,25.54,0.203,21.6,1,4.49,1
Central,994.1,24.61,0.781,59.2,0,6.44,0
East,482.7,22.57,0.574,6.3,0,0.79,0
East,767.1,23.12,0.622,34.0,0,0.99,0
Central,765.6,24.99,0.126,2.1,0,5.22,0
South,470.6,24.2,0.492,49.3,0,7.54,0
Central,694.0,28.38,0.818,59.6,1,0.68,0
South,603.9,24.14,0.956,38.6,0,4.62,1
Central,703.1,18.7,0.209,24.3,1,7.88,0
Central,654.6,24.58,0.73,81.0,0,1.55,0
East,799.5,26.18,0.537,84.6,1,7.59,0
East,631.3,25.8,0.813,43.9,0,2.42,0
East,594.8,31.75,0.748,92.8,1,3.34,1
East,784.4,25.78,0.505,17.6,0,1.7,0
South,707.1,29.97,0.521,31.6,0,5.21,0
South,729.8,27.45,0.668,3.6,0,4.68,0
South,520.3,27.38,0.439,13.4,0,8.34,0
Central,463.2,25.16,0.243,12.4,0,6.93,0
Central,534.8,27.34,0.851,49.1,0,2.7,0
Central,526.9,25.36,0.906,14.2,0,20.5,1
South,737.9,27.98,0.462,5.9,1,6.54,0
Central,766.4,26.84,0.762,20.3,0,3.86,0
Central,596.7,24.86,0.872,22.4,0,1.42,0
South,834.6,30.28,0.505,11.2,0,1.01,0
Central,825.3,28.7,0.504,36.5,0,1.06,0
North,656.5,26.25,0.77,41.4,0,1.48,0
South,496.7,27.91,0.094,8.8,1,6.65,1
East,856.3,27.27,0.963,54.3,0,3.73,0
North,610.8,25.07,0.231,16.6,0,1.82,1
North,638.9,27.7,0.704,22.2,0,2.49,0
Central,569.1,25.76,0.953,47.1,0,2.3,0
South,486.5,24.85,0.773,22.3,1,4.57,0
East,399.7,22.96,0.673,13.6,0,1.54,0
North,714.9,26.5,0.635,35.0,1,3.41,1
South,502.5,29.09,0.457,68.6,0,3.3,1
North,1078.9,25.55,0.877,63.1,0,1.57,0
Central,457.1,34.56,0.806,20.7,0,7.63,0
East,431.4,29.98,0.947,15.6,1,2.24,1
North,696.5,31.15,0.448,18.3,0,1.43,0
North,849.4,29.73,0.735,63.6,0,4.73,1
Central,629.7,32.69,0.805,18.1,1,2.82,0
South,705.8,25.3,0.718,89.9,0,3.54,0
East,343.5,20.33,0.497,46.6,0,1.26,0
East,518.4,26.25,0.884,32.2,0,4.61,0
North,459.0,29.06,0.544,20.4,0,11.16,0
North,335.7,27.92,0.565,35.4,1,1.2,0
South,637.5,28.27,0.787,13.5,0,3.42,0
Central,283.6,31.2,0.738,9.1,0,1.63,1
East,421.7,28.57,0.794,47.0,0,15.62,1
South,539.4,29.74,0.702,32.1,1,6.08,0
North,495.3,24.87,0.314,55.6,0,3.27,1
East,679.5,24.43,0.499,40.5,0,1.22,0
North,665.8,32.02,0.477,20.1,1,1.43,1
Central,754.1,27.78,0.916,63.1,0,4.42,0
South,732.9,25.75,0.177,22.1,1,1.12,0
Central,791.1,25.76,0.747,75.0,1,1.14,0
South,619.7,25.68,0.248,21.5,0,2.73,0
South,665.5,25.51,0.539,10.5,1,2.96,1
East,696.7,23.91,0.401,83.9,1,3.48,1
East,641.2,23.3,0.773,21.0,0,2.04,0
Central,560.4,26.95,0.657,22.1,0,4.94,1
North,570.1,25.84,0.882,10.9,1,1.55,0
South,497.4,30.6,0.594,30.2,0,4.08,1
East,683.2,28.32,0.645,12.2,0,3.12,0
Central,605.9,28.24,0.549,80.7,0,4.02,0
Central,520.5,25.42,0.922,24.8,1,5.86,0
Central,520.7,27.16,0.818,15.8,1,2.02,0
North,438.4,28.51,0.909,34.1,1,1.77,1
South,766.8,29.51,0.616,127.5,0,0.91,0
Central,631.8,27.24,0.716,35.2,1,0.73,0
South,490.6,30.52,0.911,27.5,0,2.42,0
East,741.3,27.52,0.966,33.5,0,2.53,0
East,535.9,29.72,0.814,57.5,1,1.34,1
Central,409.0,26.13,0.993,54.1,0,1.54,0
Central,773.2,22.42,0.856,39.6,0,7.32,0
South,539.4,28.25,0.58,64.8,0,4.8,1
South,558.7,29.53,0.59,34.9,0,1.2,0
Central,626.2,29.11,0.44,29.2,1,2.04,0
East,791.4,28.68,0.693,34.4,0,3.54,0
North,623.0,26.52,0.676,21.6,1,1.81,0
East,440.1,25.24,0.71,58.4,0,1.61,0
North,701.6,29.04,0.666,20.8,0,2.18,1
North,547.3,28.69,0.697,5.1,1,5.52,0
Central,903.2,25.93,0.737,9.0,0,5.86,0
North,619.8,30.61,0.498,42.5,1,1.69,0
North,284.7,25.03,0.857,18.2,1,3.67,0
North,673.6,25.87,0.336,54.9,0,2.71,1
Central,911.7,32.08,0.96,32.3,0,1.41,0
South,856.4,29.93,0.714,58.1,0,2.24,0
North,894.6,26.5,0.547,5.7,1,1.2,0
South,467.0,28.3,0.575,20.7,0,5.79,0
East,756.8,27.93,0.486,15.4,1,7.46,0
North,511.7,19.81,0.776,143.5,1,2.08,0
North,653.6,24.96,0.635,23.5,0,1.78,0
East,429.1,27.36,0.789,8.9,1,5.4,1
East,523.3,26.5,0.352,41.9,0,5.99,1
Central,518.6,28.19,0.791,14.3,0,1.32,0
South,754.8,30.66,0.875,62.1,0,2.47,1
North,740.1,26.6,0.861,69.1,1,2.62,0
Central,661.5,24.54,0.88,15.5,0,1.65,0
South,417.4,28.41,0.519,18.6,1,3.49,1
Central,573.3,26.59,0.658,39.2,0,1.72,1
South,508.1,27.06,0.882,63.4,0,1.91,0
Central,750.5,26.68,0.848,42.4,1,2.54,0
South,796.7,33.78,0.214,23.5,1,1.03,1
Central,778.5,21.23,0.738,10.6,0,0.71,0
Central,506.7,26.41,0.935,95.2,0,4.94,0
North,209.1,27.49,0.828,43.1,0,1.68,1
North,355.0,25.31,0.757,108.3,0,10.89,1
South,833.2,30.02,0.754,47.5,1,9.79,0
North,559.8,29.78,0.802,99.3,0,1.96,1
North,507.4,27.37,0.852,17.3,0,12.43,1
North,866.4,26.74,0.389,18.3,1,5.0,0
North,809.8,27.19,0.687,28.4,0,1.79,0
East,623.7,27.21,0.689,16.1,1,0.51,0
Central,576.0,27.28,0.785,7.6,0,4.25,0
East,600.2,26.97,0.921,19.9,0,2.77,0
North,654.1,28.21,0.553,47.0,0,3.6,0
South,860.0,29.61,0.858,11.7,0,2.34,0
Central,683.4,24.06,0.743,13.0,1,1.29,0
Central,728.9,24.56,0.582,20.9,0,2.06,0
East,795.4,22.6,0.741,14.7,0,4.3,0
East,444.5,29.93,0.83,21.9,0,2.16,0
East,733.2,28.2,0.676,29.9,0,2.15,0
North,575.8,28.91,0.745,12.5,0,1.01,0
North,242.6,23.5,0.863,21.3,0,2.88,0
South,300.8,32.5,0.637,32.0,0,1.32,1
Central,467.3,25.8,0.722,16.7,1,4.94,0
South,699.7,27.97,0.806,10.6,0,1.69,0
South,637.1,29.89,0.452,17.7,0,2.24,0
South,647.7,24.74,0.498,24.6,0,11.1,0
East,912.6,25.97,0.796,7.2,1,2.23,0
South,429.6,28.0,0.523,47.5,0,2.04,0
North,615.9,35.5,0.834,25.6,0,3.98,1
North,665.7,28.34,0.824,17.8,0,0.85,0
South,509.6,32.0,0.394,8.4,0,6.13,0
Central,624.2,30.88,0.462,43.4,0,5.19,0
Central,380.0,28.53,0.842,69.5,0,3.82,0
Central,831.5,24.73,0.381,20.6,1,0.3,0
South,517.8,30.47,0.921,102.2,0,2.3,0
East,924.7,23.31,0.704,30.9,1,1.19,0
South,615.1,31.98,0.609,31.7,0,5.64,0
Central,774.2,28.06,0.462,56.7,0,5.39,1
Central,612.0,20.08,0.533,45.0,0,3.5,0
Central,615.4,26.55,0.381,11.7,0,1.24,1
Central,532.4,29.33,0.789,20.0,1,7.18,1
South,637.9,26.84,0.972,63.2,0,2.29,0
South,667.7,29.5,0.566,45.6,1,8.79,0
North,502.4,25.12,0.475,102.8,0,3.23,0
North,601.2,23.84,0.433,40.9,0,3.78,0
North,528.5,27.3,0.49,46.7,0,2.02,1
East,964.9,27.59,0.537,17.7,1,6.78,0
South,606.5,26.52,0.636,68.8,0,4.04,1
North,851.8,30.94,0.446,3.5,1,6.94,1
East,590.7,25.12,0.888,35.8,0,3.05,0
Central,658.9,28.38,0.719,47.7,0,2.64,0
Central,421.8,27.69,0.401,39.0,1,4.0,1
East,552.9,23.14,0.838,31.1,0,6.94,0
North,651.6,23.81,0.594,28.6,1,5.26,0
North,857.9,27.53,0.767,32.0,0,2.97,0
South,653.3,33.05,0.465,13.3,1,0.81,1
North,827.6,29.12,0.567,38.9,0,4.6,0
South,716.1,22.67,0.865,17.8,1,1.07,0
North,864.1,18.79,0.713,20.6,0,2.78,0
North,611.1,29.55,0.348,12.1,1,2.52,0
North,978.5,27.23,0.759,163.6,0,1.08,0
Central,547.2,30.7,0.611,37.0,1,3.46,1
North,505.0,25.03,0.886,9.9,1,11.03,0
North,438.5,28.48,0.802,34.3,1,2.22,1
East,969.7,29.87,0.812,68.3,0,4.47,0
Central,742.9,26.25,0.538,38.6,0,12.57,1
Central,569.9,26.31,0.841,30.5,1,4.76,0
North,807.4,27.57,0.289,16.7,0,1.79,0
Central,723.2,29.02,0.892,38.6,0,3.17,0
Central,914.9,27.46,0.433,52.8,0,3.72,0
South,387.8,30.23,0.583,53.2,0,6.9,1
North,580.2,26.21,0.51,36.1,0,5.98,0
East,550.6,23.78,0.773,36.0,1,0.45,0
East,323.9,33.04,0.202,75.8,0,1.56,1
North,779.0,25.81,0.573,70.7,0,2.6,1
North,579.4,25.91,0.199,27.4,1,1.41,1
North,730.9,27.32,0.9,97.2,0,0.25,0
South,974.0,27.69,0.559,10.1,1,1.7,0
North,567.0,26.42,0.663,37.3,0,2.71,0
East,556.8,27.45,0.724,39.9,0,1.93,0
South,637.8,27.39,0.512,15.9,0,1.42,0
South,768.1,27.99,0.424,8.2,0,2.79,0
Central,535.0,20.9,0.849,16.2,1,3.4,0
East,525.4,32.77,0.778,60.0,0,2.0,0
North,778.6,27.09,0.924,61.1,0,6.63,0
Central,676.8,29.13,0.891,50.9,0,2.82,0
Central,313.3,23.64,0.691,18.1,0,1.54,1
East,436.2,26.18,0.594,61.7,1,1.31,1
South,845.2,25.62,0.96,19.1,0,2.37,0
South,680.3,31.62,0.767,38.9,0,5.61,0
North,505.7,25.86,0.856,31.9,0,1.59,0
East,594.4,29.62,0.542,23.8,1,4.0,0
Central,622.0,25.68,0.64,49.2,0,2.89,1
Central,730.4,26.23,0.504,55.9,0,9.93,0
East,416.3,26.81,0.721,17.2,1,3.5,0
Central,493.9,31.09,0.437,33.2,0,1.73,1
Central,660.9,22.21,0.77,54.0,1,4.39,0
South,605.0,23.82,0.539,1.9,0,4.48,0
North,705.8,22.05,0.729,42.5,1,2.1,1
Central,435.6,24.45,0.735,54.7,0,1.28,0
North,673.6,25.23,0.537,43.9,0,3.85,0
North,783.7,22.98,0.755,45.3,0,2.83,0
East,693.0,25.44,0.423,30.2,0,1.01,0
South,640.9,21.86,0.334,52.2,0,3.21,0
Central,605.6,24.65,0.829,11.4,0,1.8,0
Central,494.8,30.86,0.727,16.2,0,1.01,1
Central,609.2,28.63,0.863,44.8,1,2.16,0
South,809.0,28.02,0.931,52.3,0,6.26,0
East,602.1,24.69,0.872,68.6,1,5.96,0
East,486.5,23.2,0.644,88.1,0,5.03,1
Central,546.2,24.31,0.814,18.3,0,3.24,0
Central,650.1,27.38,0.519,13.1,1,4.0,0
Central,564.0,29.93,0.814,59.1,1,2.9,1
South,692.8,30.03,0.893,23.0,1,1.33,0
Central,698.4,29.27,0.595,31.1,0,1.51,0
South,753.3,25.43,0.711,55.1,0,1.83,0
South,833.5,27.57,0.902,37.2,1,6.76,0
Central,769.4,26.6,0.818,51.1,0,5.47,0
Central,479.9,26.94,0.767,16.9,0,1.35,0
Central,484.5,33.2,0.749,40.3,0,2.81,1
North,608.6,22.57,0.748,39.7,1,2.09,0
North,552.3,26.84,0.346,67.8,1,2.46,0
South,449.3,30.89,0.35,77.9,1,1.92,1
Central,553.7,23.4,0.884,22.6,1,6.78,0
North,548.8,25.7,0.82,14.5,0,2.69,0
South,519.2,26.02,0.824,53.2,0,3.13,0
South,572.6,26.87,0.895,7.5,0,3.14,0
Central,796.8,23.03,0.92,55.7,0,1.39,0
East,649.9,29.17,0.878,58.6,0,2.92,0
East,990.8,29.37,0.649,21.2,1,5.42,0
South,645.6,28.92,0.758,2.5,0,7.08,1
South,576.5,25.06,0.516,62.7,0,1.29,0
North,620.6,27.74,0.769,81.4,0,1.01,1
East,658.5,24.98,0.741,77.8,0,2.83,0
Central,685.3,26.57,0.278,79.5,0,5.59,0
East,931.5,33.53,0.432,10.6,0,3.43,0
South,493.2,27.77,0.318,34.0,0,4.23,0
North,748.9,24.17,0.486,39.5,0,1.12,0
North,651.2,28.0,0.771,35.4,1,1.87,0
South,384.3,23.71,0.846,51.5,1,0.65,0
South,735.6,24.14,0.734,13.7,1,2.48,0
North,810.1,24.58,0.524,7.2,0,0.67,0
South,491.4,26.26,0.711,5.1,0,6.46,0
East,618.7,30.12,0.387,63.6,0,7.47,0
Central,361.2,29.12,0.691,10.5,1,2.98,1
Central,431.2,28.96,0.703,35.3,0,1.02,1
North,777.2,24.42,0.851,20.5,0,3.47,0
South,550.0,25.98,0.306,21.2,1,9.1,1
Central,453.7,28.26,0.833,28.0,1,3.7,1
East,654.4,25.74,0.641,22.0,0,5.87,0
Central,541.6,26.72,0.826,7.3,1,1.98,1
South,549.4,28.74,0.641,28.1,0,1.54,0
Central,730.9,26.52,0.871,17.2,0,2.6,0
North,445.7,28.13,0.319,16.5,0,0.78,1
South,484.2,31.96,0.762,96.6,1,11.84,1
Central,643.1,27.02,0.628,9.0,0,2.98,0
Central,765.4,30.8,0.794,27.1,1,4.78,0
East,805.7,29.07,0.977,37.5,0,2.01,0
East,520.2,23.39,0.716,96.7,0,1.0,0
East,760.6,24.41,0.701,12.5,0,6.87,0
North,502.4,25.17,0.867,75.2,1,1.31,0
South,893.9,25.11,0.705,27.9,1,3.41,0
East,449.9,27.25,0.547,28.7,1,3.63,0
Central,819.3,29.22,0.567,49.4,1,2.85,0
North,521.5,31.01,0.936,83.0,0,1.63,1
South,922.0,28.36,0.734,21.8,1,2.47,0
Central,708.7,26.25,0.554,39.5,0,1.47,1
South,467.6,21.67,0.89,35.7,0,4.6,0
East,541.7,27.7,0.956,34.5,0,3.94,0
South,737.2,27.57,0.632,55.3,0,2.68,0
Central,777.9,28.01,0.777,18.2,0,1.88,0
Central,609.4,33.4,0.892,24.2,0,10.69,0
Central,626.7,30.97,0.471,7.5,0,1.17,1
North,733.8,29.7,0.616,46.8,1,1.0,0
South,639.8,24.81,0.531,33.4,1,2.58,0
East,426.0,26.06,0.54,81.6,0,2.3,0
Central,498.1,27.23,0.936,12.2,1,5.55,0
Central,655.3,25.33,0.107,104.5,0,4.14,0
East,802.3,28.9,0.93,52.3,0,2.77,0
North,862.4,28.5,0.878,50.7,1,3.76,0
Central,736.9,24.45,0.376,20.1,0,3.72,0
Central,663.1,30.85,0.722,26.2,1,10.67,1
South,732.3,27.79,0.583,22.9,0,3.2,0
North,520.0,22.66,0.791,72.2,0,1.75,0
South,597.0,27.36,0.937,6.3,0,3.09,0
Central,496.4,28.29,0.623,29.1,1,0.5,0
South,432.7,30.22,0.765,30.9,0,2.66,0
North,670.0,26.56,0.723,22.3,0,5.53,0
Central,647.8,29.82,0.624,15.1,0,4.02,0
Central,723.1,28.02,0.549,3.3,0,3.3,1
North,701.9,23.82,0.799,29.5,0,4.15,0
North,656.4,23.54,0.89,46.7,1,5.57,0
North,703.5,30.64,0.435,33.4,0,6.86,0
Central,613.6,30.85,0.793,15.1,0,3.64,0
North,681.9,28.4,0.482,31.2,0,2.21,1
East,511.1,31.69,0.658,82.3,0,0.6,1
Central,675.5,30.46,0.514,18.9,1,5.13,0
South,720.3,29.41,0.986,37.0,1,3.8,0
East,519.5,24.95,0.7,40.7,0,3.0,0
North,627.8,32.35,0.816,9.7,0,1.74,0
South,526.5,29.0,0.931,25.2,0,5.09,0
East,541.0,26.42,0.91,25.5,1,2.3,0
South,451.3,25.63,0.918,32.5,1,2.66,1
Central,809.9,28.22,0.82,70.6,1,2.62,0
Central,779.9,22.82,0.735,11.8,0,3.64,0
North,700.6,29.46,0.789,73.5,0,1.29,0
Central,915.8,24.83,0.772,49.2,1,3.92,0
East,591.6,28.54,0.567,106.3,0,1.7,1
East,1074.8,26.04,0.315,4.5,1,1.74,0
North,585.9,26.76,0.9,2.2,1,4.83,0
South,658.3,25.38,0.668,144.0,1,1.42,0
Central,560.3,27.05,0.859,9.3,0,4.83,0
East,675.8,32.79,0.808,16.0,0,2.9,0
North,745.3,31.38,0.587,16.1,1,0.93,0
East,602.9,28.49,0.846,47.6,0,6.6,0
East,886.5,27.43,0.325,26.9,1,3.33,0
North,655.9,29.86,0.822,18.1,0,3.51,0
North,660.6,30.66,0.789,94.1,1,5.23,0
East,483.7,25.18,0.734,3.7,1,7.2,0
North,682.8,27.28,0.573,62.0,0,3.1,1
Central,599.9,22.4,0.682,30.4,0,4.06,0
East,528.8,30.64,0.411,17.9,0,3.46,1
South,503.5,33.28,0.892,19.7,1,2.18,1
Central,1020.8,27.72,0.989,24.9,0,0.97,0
Central,580.5,21.55,0.684,16.3,0,3.13,0
North,401.5,29.2,0.689,55.6,1,6.66,0
East,515.3,24.97,0.829,23.3,1,3.97,0
Central,612.3,25.64,0.835,50.3,1,1.36,0
North,702.0,29.25,0.29,20.0,0,5.55,0
Central,703.2,28.21,0.654,36.5,1,2.22,0
East,721.5,26.13,0.772,36.5,1,0.7,0
North,523.3,25.68,0.49,32.2,0,5.27,0
East,671.1,27.85,0.66,75.1,1,1.47,0
South,488.6,26.35,0.567,80.0,0,8.65,1
East,527.1,24.39,0.646,53.6,1,5.73,0
East,482.3,26.57,0.476,65.4,1,2.34,0
East,441.7,28.45,0.399,51.6,0,3.66,1
East,779.6,27.0,0.728,22.0,0,13.14,0
North,723.3,23.54,0.742,28.6,0,5.21,0
South,766.5,30.27,0.725,4.6,0,3.17,0
South,625.9,19.83,0.514,14.2,1,17.78,0
South,736.5,26.25,0.683,9.4,1,2.93,0
East,355.8,25.76,0.633,17.7,0,3.97,0
East,749.5,27.91,0.802,38.6,0,1.48,1
South,646.6,29.07,0.548,21.4,1,0.92,1
Central,714.1,30.65,0.7,57.4,0,2.25,0
Central,677.0,25.51,0.629,14.6,0,2.79,0
Central,471.9,29.14,0.864,48.7,0,3.37,1
Central,395.3,28.05,0.835,13.5,0,1.08,0
Central,513.2,22.71,0.796,71.6,0,4.18,0
North,704.7,32.82,0.686,14.6,1,1.58,0
North,723.5,23.47,0.294,43.9,0,4.04,0
South,414.8,28.67,0.681,18.2,0,4.99,0
Central,472.8,28.59,0.896,87.9,1,2.1,0
East,511.5,28.27,0.53,85.6,1,1.45,0
South,566.4,26.12,0.833,42.8,0,7.41,0
North,415.7,29.82,0.555,42.3,1,4.79,1
North,406.7,23.13,0.47,54.5,1,3.0,0
North,496.7,27.32,0.821,48.1,1,7.06,1
East,632.9,25.92,0.907,59.5,0,2.87,0
North,442.9,25.6,0.644,14.3,0,1.82,1
Central,602.6,28.7,0.524,32.2,0,1.42,0
East,778.8,30.52,0.789,19.3,1,2.53,0
East,424.7,26.54,0.751,84.7,1,4.49,0
North,589.0,29.69,0.856,10.9,0,6.71,0
North,773.7,27.64,0.754,94.5,0,2.76,0
North,557.3,25.0,0.902,32.7,0,5.98,1
North,533.9,26.78,0.773,60.2,0,2.36,0
North,794.5,26.66,0.733,21.2,1,1.64,0
South,574.1,25.55,0.874,10.0,0,1.16,0
East,785.7,28.7,0.866,82.5,0,1.96,0
Central,684.3,28.16,0.856,45.5,0,1.19,0
South,568.6,23.05,0.486,11.8,1,10.04,0
North,692.0,22.88,0.744,29.6,1,3.62,0
South,668.1,28.69,0.463,27.9,0,2.55,0
South,773.1,25.22,0.846,44.5,1,8.33,0
East,537.7,28.35,0.764,14.3,1,1.17,0
East,626.2,29.69,0.849,11.5,1,2.49,0
Central,610.8,23.94,0.402,35.5,0,9.97,0
North,725.6,23.55,0.643,15.0,0,2.48,0
North,466.2,32.19,0.714,84.2,0,13.34,1
Central,772.5,28.48,0.902,56.3,1,4.53,1
East,689.9,26.33,0.9,55.2,0,6.35,0
Central,422.5,24.88,0.719,4.5,1,6.47,0
South,801.2,26.07,0.937,21.9,0,2.72,0
South,955.1,24.17,0.917,25.6,1,1.98,0
North,770.3,29.97,0.861,13.0,0,2.52,0
Central,834.0,25.33,0.805,48.2,0,1.43,0
South,632.8,30.56,0.853,43.9,0,2.6,0
South,370.8,26.38,0.395,53.7,0,2.71,1
Central,343.4,24.58,0.916,64.5,1,8.15,0
North,658.3,26.31,0.641,62.4,0,4.0,0
South,531.2,20.15,0.97,151.8,0,12.63,0
North,482.8,27.16,0.683,31.5,1,0.67,0
East,610.6,27.02,0.638,27.6,0,1.23,0
North,712.3,29.81,0.776,47.8,0,2.16,1
North,402.1,22.22,0.763,72.3,1,7.17,1
Central,552.7,30.75,0.734,7.3,0,2.53,0
Central,846.5,29.8,0.917,16.8,0,1.05,0
Central,458.7,31.01,0.484,20.2,0,2.32,1
Central,750.5,27.35,0.384,33.8,0,1.25,0
East,547.3,30.34,0.572,22.0,0,1.1,1
Central,701.9,23.38,0.81,65.2,1,9.97,0
Central,784.6,29.5,0.437,37.4,0,2.16,1
Central,731.2,25.34,0.794,29.3,1,3.04,0
North,756.4,22.88,0.568,44.1,0,2.56,1
South,447.3,24.35,0.395,5.3,0,2.31,1
North,787.0,27.52,0.992,42.7,0,1.57,0
South,492.1,25.19,0.816,15.4,0,2.22,1
North,658.9,28.55,0.707,57.6,0,3.38,0
East,658.7,22.44,0.727,6.3,1,6.84,0
Central,692.8,21.54,0.168,46.2,1,5.03,0
East,670.5,31.34,0.255,15.8,1,1.23,1
Central,493.4,30.03,0.826,73.2,0,5.17,0
North,417.5,24.56,0.884,7.9,1,3.7,0
East,750.9,27.49,0.922,32.9,0,1.81,0
South,647.9,30.35,0.759,52.0,1,3.06,0
South,792.4,28.67,0.667,40.9,1,3.94,0
Central,613.3,27.92,0.774,40.7,0,2.8,0
South,409.2,30.57,0.372,10.8,0,3.71,1
East,764.9,25.45,0.698,10.1,1,1.55,0
South,564.4,27.59,0.934,39.6,0,9.93,1
Central,671.3,27.45,0.727,35.4,1,0.78,0
South,522.9,26.74,0.674,13.6,1,3.96,0
South,866.6,26.41,0.715,12.9,0,3.45,0
East,488.5,27.7,0.979,29.6,0,4.13,0
Central,569.4,27.6,0.562,23.8,0,1.72,0
Central,636.1,24.56,0.671,103.9,1,5.81,0
South,456.2,29.75,0.721,76.1,0,2.53,1
Central,669.6,24.77,0.868,56.2,0,1.26,0
South,861.8,26.89,0.555,82.3,0,1.33,0
Central,546.4,26.67,0.594,19.1,1,2.95,0
North,679.3,28.5,0.764,21.4,1,0.96,0
South,207.6,21.57,0.937,69.0,0,8.76,0
North,614.2,29.99,0.953,32.9,1,5.38,0
North,573.0,25.6,0.822,34.4,1,8.91,0
South,497.2,30.92,0.364,12.1,1,8.32,1
South,782.2,26.16,0.517,66.9,0,2.16,0
East,571.1,27.36,0.845,47.7,0,1.54,0
Central,593.4,32.86,0.92,26.0,1,0.48,0
North,563.4,26.72,0.646,21.6,0,2.09,1
East,332.5,30.97,0.619,74.1,0,8.56,1
North,450.2,27.61,0.87,19.3,1,1.59,0
North,764.2,28.66,0.388,8.9,0,2.37,1
Central,303.5,27.7,0.144,76.8,0,1.9,1
Central,505.1,29.87,0.383,77.9,0,3.47,1
East,560.0,25.58,0.506,19.2,0,6.27,1
South,881.5,24.74,0.514,117.0,0,1.0,1
South,735.3,25.71,0.362,30.2,0,1.13,0
North,536.4,27.78,0.743,19.4,0,7.14,0
Central,815.7,26.88,0.679,46.7,1,4.38,0
Central,508.9,29.49,0.679,10.5,0,2.3,1
North,771.4,31.15,0.554,14.9,0,8.24,1
Central,416.2,24.77,0.657,39.8,0,1.12,0
Central,781.0,25.44,0.368,34.9,0,4.98,0
North,559.1,23.48,0.745,60.0,0,2.6,0
South,465.7,33.19,0.775,12.0,0,4.03,1
South,587.4,28.35,0.812,104.4,0,0.58,0
North,661.6,28.84,0.612,23.5,0,2.29,0
Central,545.8,23.75,0.893,34.0,0,4.39,1
South,703.1,27.5,0.799,22.6,0,2.61,0
South,532.6,28.93,0.82,10.4,1,6.15,0
South,713.1,26.79,0.732,31.4,1,6.01,0
Central,686.3,30.51,0.607,51.5,1,1.46,0
East,610.9,33.97,0.856,28.0,1,4.64,0
Central,553.8,24.85,0.523,16.4,0,1.43,1
Central,642.7,24.64,0.552,61.3,0,2.82,0
North,702.5,25.04,0.302,62.9,0,4.16,1
Central,929.3,32.0,0.732,26.9,0,1.58,0
Central,760.9,30.42,0.845,41.6,0,4.53,0
Central,766.4,27.12,0.848,61.0,0,1.96,1
South,1083.3,27.6,0.413,51.1,1,1.86,0
Central,697.4,25.21,0.747,40.8,1,4.3,0
Central,692.7,29.99,0.908,49.7,0,1.58,0
North,725.6,26.44,0.729,43.6,0,1.53,0
Central,468.7,26.77,0.697,32.7,0,5.35,1
Central,553.4,29.2,0.85,11.8,0,2.92,1
Central,544.1,26.97,0.639,14.4,0,1.06,0
North,717.1,26.84,0.472,44.9,0,4.74,0
South,593.9,27.53,0.857,22.5,0,2.09,0
East,640.7,29.73,0.847,43.8,1,1.09,0
Central,783.1,32.11,0.788,11.5,0,0.53,1
South,749.5,29.14,0.52,17.7,0,4.89,0
East,595.7,29.75,0.794,28.0,0,1.55,0
East,519.5,26.94,0.717,3.5,0,1.21,0
South,790.3,25.52,0.795,15.8,0,4.12,0
East,736.1,29.33,0.536,19.6,1,4.59,0
East,379.1,27.98,0.654,36.8,0,1.63,1
South,573.0,23.52,0.71,26.7,0,4.92,1
Central,644.8,26.58,0.91,38.2,1,10.34,0
North,736.8,27.27,0.934,33.6,0,6.52,1
North,756.5,26.07,0.614,25.9,0,5.9,0
Central,662.6,31.65,0.958,19.7,0,3.33,0
Central,707.8,28.84,0.413,34.4,0,2.04,0
Central,629.6,31.34,0.161,72.4,1,2.62,1
South,518.9,28.24,0.59,19.6,0,3.62,0
South,580.8,27.73,0.829,101.7,1,1.2,0
East,622.8,24.88,0.684,34.9,0,1.65,0
North,614.8,27.53,0.88,58.0,1,1.07,0
North,337.2,27.54,0.289,41.9,1,3.17,1
South,560.4,23.67,0.691,46.2,1,2.87,0
East,628.4,25.99,0.513,15.7,1,1.78,0
East,577.8,26.59,0.666,22.3,1,4.63,0
East,583.0,28.66,0.553,7.2,0,1.38,1
East,693.2,28.79,0.672,27.5,0,1.74,0
Central,458.2,25.87,0.563,49.2,0,4.51,1
Central,375.8,28.81,0.648,27.7,0,4.97,1
Central,567.8,26.99,0.911,60.1,0,1.62,0
South,734.6,19.47,0.728,24.0,1,3.16,0
East,873.1,26.14,0.74,18.6,1,1.64,0
Central,737.3,30.52,0.596,21.6,1,2.39,0
South,399.8,22.79,0.882,52.4,0,2.98,0
Central,585.1,27.82,0.782,87.8,1,3.91,0
North,658.5,31.94,0.809,108.3,1,3.34,0
North,646.6,25.37,0.81,48.8,1,3.25,0
North,700.9,27.51,0.438,58.3,1,1.35,0
East,482.4,23.85,0.674,8.9,0,3.5,0
Central,629.7,32.06,0.754,11.3,0,3.89,1
East,683.0,27.27,0.588,16.3,1,4.25,0
South,743.9,27.63,0.679,75.2,1,1.7,0
North,499.1,31.29,0.692,74.5,1,4.93,1
North,568.2,29.35,0.84,123.9,1,1.15,1
South,214.4,25.05,0.864,16.0,1,2.05,1
Central,526.8,25.69,0.881,30.0,1,2.27,0
East,541.3,28.89,0.827,7.1,1,1.2,0
North,467.1,25.75,0.764,9.7,1,2.25,0
South,644.8,21.57,0.855,25.8,0,3.14,0
South,611.6,27.35,0.558,16.6,0,0.83,0
North,281.1,23.36,0.955,16.7,0,2.1,0
Central,652.3,32.03,0.659,20.3,0,0.87,0
East,480.8,28.0,0.903,80.8,1,10.25,1
Central,692.9,24.97,0.533,65.7,1,3.12,0
Central,427.7,25.54,0.767,14.3,0,2.95,1
Central,624.5,22.21,0.88,64.5,0,3.16,0
Central,577.5,24.42,0.651,17.7,0,4.03,0
South,665.5,30.35,0.465,8.7,1,5.13,1
South,638.7,33.75,0.256,19.7,0,0.98,1
Central,581.7,29.53,0.439,39.3,0,6.37,0
East,389.6,27.24,0.76,15.6,0,6.11,0
North,398.4,26.29,0.927,48.2,0,2.6,1
North,532.4,24.82,0.481,20.8,0,2.52,0
South,618.8,33.27,0.359,41.3,1,0.36,0
East,528.8,26.97,0.642,14.1,1,1.21,0
North,713.8,33.42,0.519,32.2,0,3.81,1
North,578.1,31.4,0.418,16.0,0,5.93,1
Central,475.2,22.63,0.485,26.4,0,4.37,0
South,578.3,25.64,0.896,102.7,0,2.59,0
North,653.9,25.63,0.432,23.0,0,9.5,0
Central,668.7,27.28,0.929,11.1,0,5.22,0
South,901.8,27.33,0.607,33.6,0,2.1,0
Central,519.7,35.89,0.75,34.0,1,11.23,1
North,609.0,24.48,0.489,33.9,0,1.33,1
North,683.9,28.14,0.814,46.3,1,1.04,0
Central,616.5,29.23,0.476,22.2,0,2.07,0
Central,544.9,27.5,0.772,49.4,0,1.66,0
East,387.6,27.81,0.752,31.2,0,2.14,0
South,543.4,24.57,0.887,10.5,0,4.57,0
South,458.9,27.8,0.441,54.2,0,2.66,0
East,361.0,28.93,0.475,36.0,1,2.7,0
Central,500.6,28.42,0.733,47.7,1,2.82,1
Central,462.9,29.1,0.905,11.6,0,0.6,1
East,707.6,31.46,0.325,56.3,0,1.02,0
Central,710.2,30.12,0.776,120.0,0,2.12,0
South,484.4,27.7,0.65,10.9,1,1.57,0
South,581.0,24.22,0.692,61.6,0,2.34,0
North,341.3,25.82,0.518,36.1,0,6.77,0
Central,545.8,26.89,0.795,31.5,1,2.59,0
North,679.8,28.21,0.596,56.8,1,1.15,0
North,743.7,26.16,0.492,52.7,1,1.62,0
Central,513.0,24.88,0.454,71.8,0,8.26,0
Central,777.8,24.17,0.758,12.0,0,7.36,0
South,392.6,22.88,0.643,73.7,0,4.0,1
East,432.9,26.84,0.313,41.0,1,0.98,0
South,726.4,23.38,0.398,7.3,1,3.32,0
Central,870.7,24.7,0.47,23.2,0,3.49,0
Central,694.0,26.4,0.651,36.6,1,2.76,0
Central,613.9,23.76,0.723,22.8,0,1.88,0
North,290.7,28.56,0.929,28.7,1,2.15,0
East,316.6,29.57,0.918,20.4,0,1.79,1
Central,639.4,25.96,0.585,160.3,0,1.29,1
North,566.3,26.28,0.565,50.0,0,6.61,1
East,454.1,29.0,0.821,33.5,1,4.82,1
Central,629.8,25.5,0.825,13.8,0,2.26,0
North,637.3,25.31,0.856,72.0,0,3.42,0
North,761.7,30.85,0.908,45.7,1,3.5,0
South,640.5,29.98,0.603,15.1,1,12.46,0
South,804.3,29.18,0.601,15.2,0,4.79,0
North,621.2,30.09,0.93,29.2,1,4.68,0
East,602.7,21.96,0.538,33.8,0,2.79,0
East,779.6,31.29,0.668,49.2,0,2.05,0
East,473.2,28.6,0.919,30.6,0,6.68,1
North,1042.2,30.33,0.663,52.0,0,4.15,1
North,676.3,28.58,0.665,22.8,0,1.59,0
East,677.1,27.64,0.624,30.7,0,3.65,0
Central,698.8,26.73,0.735,73.7,0,4.68,0
South,901.6,28.53,0.715,53.6,0,0.7,0
South,738.9,26.63,0.446,32.0,0,1.49,0
North,379.2,29.93,0.707,40.0,1,3.44,1
South,830.5,23.06,0.712,30.8,1,0.78,0
East,568.9,25.98,0.541,9.8,0,0.86,0
South,636.1,33.23,0.857,90.3,1,2.28,1
Central,428.1,25.75,0.985,15.9,0,3.74,0
East,698.9,26.83,0.706,24.2,0,3.86,0
Central,522.3,25.03,0.89,143.1,0,7.6,1
South,635.0,28.44,0.559,13.4,0,2.87,0
East,577.4,25.44,0.899,29.5,0,2.13,0
South,908.8,26.98,0.771,76.9,1,1.16,0
Central,917.3,29.88,0.797,103.0,0,2.12,0
North,627.0,25.54,0.594,45.2,0,4.31,0
North,629.6,29.71,0.616,72.4,0,4.43,0
Central,564.0,29.8,0.379,27.3,0,3.23,1
Central,785.9,30.45,0.623,2.1,1,3.88,0
South,570.7,27.89,0.654,68.2,1,6.23,0
Central,556.8,36.58,0.684,31.5,1,2.85,1
South,766.8,30.45,0.729,25.0,0,6.61,1
East,539.3,28.41,0.686,23.4,0,1.69,1
Central,614.3,25.05,0.725,51.3,0,2.59,0
South,382.8,27.23,0.481,50.9,1,1.99,1
South,725.6,31.49,0.356,32.2,0,4.55,1
Central,911.1,32.29,0.611,43.7,0,1.41,0
North,728.2,31.64,0.405,13.2,0,2.21,0
South,839.3,29.7,0.685,27.6,1,0.81,0
East,493.1,23.98,0.883,13.7,0,4.0,0
South,655.4,28.86,0.743,13.3,1,6.11,1
East,478.5,24.02,0.736,40.9,0,4.91,0
East,585.8,23.34,0.727,33.5,0,4.61,0
Central,735.8,28.17,0.648,22.9,0,4.69,0
South,635.3,28.96,0.886,26.6,0,4.28,0
Central,408.1,30.03,0.935,43.3,0,4.05,0
East,422.7,28.89,0.548,52.1,1,4.23,1
North,412.8,28.99,0.802,46.5,0,1.78,0
Central,693.7,24.74,0.607,7.0,0,2.39,0
East,929.6,27.21,0.736,3.3,0,2.85,0
Central,824.4,23.28,0.461,17.2,0,2.19,0
South,335.6,21.89,0.232,3.3,1,0.98,0
Central,833.2,29.57,0.821,83.5,0,1.22,0
East,760.5,25.39,0.587,26.0,1,3.16,0
East,388.2,29.94,0.637,10.4,0,4.9,1
Central,574.5,30.6,0.365,25.7,0,2.73,1
South,784.3,25.77,0.938,5.4,1,16.4,1
Central,702.6,29.15,0.772,10.7,0,1.5,0
South,423.6,25.65,0.89,24.3,1,3.63,0
South,711.6,22.33,0.601,21.3,0,6.29,0
East,299.4,27.85,0.538,24.1,0,5.43,0
North,586.6,26.18,0.372,44.3,1,4.16,0
North,790.7,26.27,0.871,60.9,0,5.45,0
South,622.8,33.03,0.508,35.0,1,2.82,0
South,545.2,23.23,0.621,63.0,1,8.01,0
Central,753.4,28.57,0.639,21.7,0,6.26,0
North,766.2,24.71,0.611,68.8,0,1.56,0
Central,816.5,30.04,0.549,35.4,1,3.35,0
East,751.2,28.34,0.638,57.4,0,0.99,0
North,782.2,28.56,0.847,22.0,1,7.31,0
Central,729.9,24.85,0.799,34.3,0,3.14,0
East,659.8,25.36,0.786,111.8,0,6.53,0
North,633.4,30.1,0.123,34.1,0,2.53,0
South,584.4,32.46,0.766,60.5,1,0.81,0
Central,438.1,28.84,0.288,65.5,1,15.09,1
East,476.7,24.99,0.408,49.0,0,2.96,0
South,577.7,28.45,0.608,55.0,0,1.42,0
East,656.2,34.3,0.685,22.1,0,5.72,1
North,836.1,27.79,0.825,16.7,0,10.21,0
Central,613.7,31.59,0.72,13.8,0,2.38,0
South,770.5,25.43,0.603,42.8,0,2.55,0
Central,781.9,27.38,0.861,33.4,0,3.17,0
North,585.3,29.23,0.737,40.8,0,1.32,1
North,709.2,28.61,0.634,11.9,0,1.74,1
East,583.5,25.35,0.532,18.9,1,8.66,0
South,818.3,25.23,0.939,59.4,0,2.49,0
South,715.4,30.27,0.333,37.2,1,1.58,1
South,441.4,30.84,0.913,35.6,0,2.03,1
Central,644.2,31.73,0.602,27.5,0,5.46,1
Central,867.2,32.55,0.645,17.6,1,0.75,1
Central,592.8,27.88,0.605,70.3,0,3.21,0
South,687.2,26.63,0.668,78.0,1,13.47,0
North,701.9,31.28,0.523,34.4,0,10.18,1
East,464.5,29.5,0.688,29.6,0,3.95,0
South,696.6,24.75,0.672,81.7,0,6.4,0
Central,410.9,24.61,0.771,19.4,0,6.36,0
South,526.2,28.88,0.517,23.2,0,2.5,1
North,781.4,27.0,0.831,57.6,0,4.96,0
East,673.5,27.43,0.796,22.9,0,8.69,1
East,574.3,30.5,0.654,33.0,0,1.2,0
East,687.0,29.63,0.587,4.3,1,3.95,0
Central,611.0,31.22,0.763,79.2,0,3.44,0
North,621.9,22.09,0.738,54.4,1,2.91,0
North,718.5,28.21,0.609,67.1,0,2.74,0
North,510.9,29.45,0.225,15.5,0,3.16,1
North,626.1,23.23,0.636,90.4,0,3.34,0
North,573.2,25.67,0.572,30.8,1,5.62,0
East,382.2,25.15,0.757,70.9,1,3.71,0
North,481.9,27.56,0.863,42.0,0,2.42,0
North,855.2,32.06,0.899,56.1,0,1.57,0
East,677.7,33.16,0.374,44.3,1,2.0,0
South,421.5,25.22,0.632,22.7,0,3.22,1
South,388.9,28.97,0.478,8.0,0,1.72,0
South,603.2,29.06,0.678,74.5,1,5.03,0
East,854.2,28.59,0.928,2.3,0,3.59,0
South,592.0,28.62,0.869,60.2,0,5.72,0
Central,816.0,28.35,0.225,74.5,1,1.79,0
South,672.8,32.23,0.883,10.1,0,1.58,0
Central,690.7,30.59,0.576,23.7,0,5.69,0
Central,419.6,24.53,0.787,9.0,0,2.96,1
Central,760.6,29.73,0.756,20.2,1,2.38,0
North,569.8,30.0,0.482,66.4,0,4.28,1
South,749.5,28.38,0.864,55.6,0,4.18,0
Central,497.9,30.67,0.79,50.7,0,1.2,1
North,646.6,28.03,0.69,23.9,0,6.69,0
Central,672.8,28.06,0.649,2.7,0,2.08,0
East,596.9,27.84,0.547,11.4,0,8.21,0
Central,680.7,21.85,0.761,27.5,0,1.14,0
South,580.0,27.27,0.388,13.8,0,3.34,0
East,522.6,25.63,0.614,60.7,0,2.41,0
North,860.8,24.18,0.693,92.2,0,0.75,0
South,777.3,31.52,0.696,41.8,0,4.17,1
Central,505.9,28.91,0.748,9.9,0,0.78,0
North,705.3,27.42,0.548,76.3,0,2.25,0
South,508.6,25.92,0.708,35.6,0,5.57,0
East,442.3,28.33,0.704,32.2,1,1.93,0
Central,775.1,30.28,0.542,47.9,0,1.51,0
South,364.4,25.18,0.245,11.9,0,4.57,1
Central,759.0,27.49,0.647,24.2,0,2.31,0
South,582.1,29.93,0.298,30.6,1,2.09,0
South,588.3,22.08,0.776,39.3,0,6.23,0
